CGPA,Aptitude_score,internship_experience,projects_completed,active_backlogs,placement_probability
7.09,85,1,2,0,80.31
5.46,49,1,2,3,28.81
8.22,79,1,3,1,72.47
9.21,85,0,4,0,76.73
5.85,44,0,0,3,1.67
8.29,94,0,4,0,74.22
7.21,73,1,3,0,76.13
7.9,76,0,1,1,44.45
6.55,72,0,2,1,41.52
8.87,90,0,3,0,71.05
8.31,81,0,2,0,58.39
7.28,68,0,1,0,48.88
8.49,89,1,4,0,90.41
8.13,77,1,5,1,79.56
9.8,85,1,5,0,97.8
6.28,72,0,2,0,51.58
8.02,89,1,4,0,91.77
5.71,41,0,0,1,19.28
9.82,97,1,4,0,99.0
8.59,92,0,2,0,67.66
8.06,85,1,3,1,73.71
8.05,86,1,3,0,84.97
9.61,90,0,3,0,70.63
8.92,80,0,2,0,62.22
7.44,67,0,3,2,39.14
7.03,74,0,1,0,53.81
8.77,81,0,3,1,55.0
6.55,57,0,1,2,27.02
9.15,94,1,5,0,99.0
5.77,60,0,1,1,35.2
9.44,85,1,4,0,92.54
7.73,78,0,3,1,52.45
9.79,91,1,5,0,99.0
5.53,41,0,2,3,11.66
6.37,72,0,2,2,33.89
6.73,53,0,1,2,25.45
9.76,91,1,4,0,99.0
9.13,94,1,5,0,99.0
6.7,70,0,2,1,42.45
6.09,56,0,0,2,21.11
8.26,79,1,5,0,92.61
6.6,70,0,2,0,55.1
7.2,70,0,3,0,58.2
6.09,61,0,0,3,7.61
5.5,44,0,2,3,11.45
6.51,69,0,2,1,41.48
5.71,41,0,2,1,30.28
7.01,73,0,3,2,38.44
6.05,61,0,2,2,29.48
6.01,68,0,0,0,42.44
5.22,64,1,1,1,49.47
9.43,90,1,5,0,98.0
5.12,64,1,1,2,40.12
7.91,77,0,3,2,44.79
9.85,97,0,3,0,77.58
7.05,81,0,1,0,51.97
8.66,87,1,5,1,84.41
7.39,80,0,3,0,59.86
6.91,65,0,1,3,14.69
9.58,99,1,4,0,98.23
5.28,55,0,0,1,27.98
6.53,72,0,1,0,46.45
9.37,87,1,4,0,95.89
6.37,58,0,2,2,28.7
7.52,75,0,2,0,59.82
6.27,59,0,1,0,41.64
8.0,94,0,3,0,70.2
6.78,74,0,1,0,51.93
9.16,88,1,4,0,95.46
8.41,87,1,3,0,89.53
5.07,43,0,1,2,15.65
9.05,97,1,5,0,99.0
8.65,77,1,3,0,85.38
6.8,63,0,0,0,39.7
8.64,76,0,2,1,53.04
9.36,91,1,5,0,97.06
7.28,80,1,3,0,78.48
9.26,98,1,4,0,97.81
5.55,59,0,0,3,9.12
6.16,67,0,1,3,17.66
6.95,62,1,2,2,48.93
5.13,52,1,1,3,29.56
6.37,68,0,0,0,41.7
5.9,51,0,0,3,6.95
7.95,66,1,2,2,53.62
5.81,55,0,2,1,37.83
9.98,88,1,4,0,99.0
6.12,72,0,1,3,16.02
6.4,75,0,2,0,54.9
8.94,83,0,4,0,69.19
6.75,69,0,2,2,30.33
5.03,50,1,1,2,37.61
8.19,88,0,3,1,60.06
8.99,93,1,4,0,92.37
6.22,59,0,1,2,21.47
5.02,46,0,0,3,1.37
9.16,88,0,4,0,74.46
8.92,86,1,4,0,91.02
8.84,82,1,3,0,86.54
5.58,54,0,1,3,12.73
9.52,90,1,4,0,94.32
7.63,80,0,1,2,37.7
7.14,80,1,3,1,68.99
7.39,74,0,2,2,36.06
8.6,90,0,2,1,56.1
6.07,73,0,1,2,30.14
8.6,84,0,2,0,61.3
9.42,93,1,5,0,99.0
7.54,78,0,2,1,44.79
9.2,96,0,4,0,80.0
9.43,86,1,4,0,91.8
9.06,96,1,5,0,99.0
8.17,93,0,4,1,63.5
9.9,86,1,4,0,94.45
6.62,69,0,2,1,40.87
6.02,61,1,3,3,43.37
8.57,84,1,5,1,84.19
5.67,63,0,1,1,33.74
8.31,93,1,5,1,85.98
8.72,90,0,4,1,66.52
7.01,81,1,3,0,81.84
9.33,89,1,4,0,92.36
6.7,69,0,2,0,50.15
5.03,47,0,1,2,15.7
7.86,69,0,1,0,55.21
8.45,93,1,4,0,95.47
8.12,86,1,3,1,77.22
5.51,64,0,1,3,11.48
6.5,55,0,0,2,21.25
8.65,79,0,4,1,56.97
5.91,54,0,1,3,9.89
9.0,96,1,5,0,99.0
6.89,55,0,1,2,22.61
5.66,47,0,0,1,24.91
6.25,67,1,2,2,49.97
8.11,88,0,4,0,72.78
9.59,89,1,5,0,98.27
9.73,100,1,5,0,99.0
5.94,47,0,1,1,30.89
6.91,65,0,2,0,51.69
7.63,84,0,2,1,50.91
6.96,60,0,1,1,36.36
7.61,77,1,3,1,68.73
7.7,77,1,3,2,65.05
9.44,94,1,5,0,99.0
7.76,70,1,3,1,67.16
9.81,95,0,3,0,71.84
7.95,73,0,1,2,33.73
8.5,83,1,3,0,84.65
7.94,78,1,3,2,64.19
5.72,54,1,3,1,57.22
9.34,99,1,5,0,99.0
6.35,69,0,1,3,19.92
9.9,93,0,4,0,79.55
5.48,55,0,0,1,26.68
6.3,56,0,2,2,26.85
9.37,90,1,5,0,99.0
7.34,68,0,1,0,51.09
5.84,56,0,2,2,28.24
9.25,100,1,4,0,96.38
5.09,56,0,0,3,5.62
6.92,74,0,1,3,20.42
8.87,94,1,3,0,88.25
7.95,76,0,3,0,62.62
8.83,91,0,3,1,57.2
6.44,62,1,2,1,61.14
8.57,91,0,2,0,63.3
8.86,92,1,4,1,83.61
6.83,50,1,3,1,58.91
7.5,67,0,2,0,55.35
7.01,80,1,2,1,68.53
8.62,77,1,5,0,90.27
6.98,52,0,0,1,27.03
6.16,69,0,1,3,13.26
9.85,95,1,5,0,99.0
9.22,100,0,3,0,76.27
6.41,68,0,1,0,44.84
5.76,57,0,1,1,28.26
8.63,83,0,4,1,58.11
9.83,100,1,5,0,99.0
7.41,73,1,4,1,72.83
5.16,59,0,2,1,34.76
7.59,71,0,2,0,57.86
7.42,65,0,3,0,56.47
9.4,88,1,5,0,99.0
6.77,71,0,2,2,35.99
8.88,82,1,3,0,90.68
6.33,70,0,2,2,28.16
9.74,86,0,3,0,70.89
6.41,74,0,2,3,25.64
9.19,95,1,4,0,94.66
6.24,61,0,0,1,31.14
9.39,98,0,4,0,79.27
8.83,90,1,4,0,91.91
6.27,53,1,3,3,42.84
7.16,78,0,2,0,56.46
5.4,63,0,0,2,20.8
8.34,93,0,3,1,56.09
9.44,86,1,4,0,97.84
9.72,94,0,4,0,81.22
5.46,57,0,2,3,13.21
6.19,60,0,0,3,8.66
7.95,70,1,2,1,68.83
8.34,79,0,3,1,52.89
8.01,95,0,2,0,67.53
6.89,67,0,1,2,29.22
5.5,64,0,0,1,31.45
6.05,54,0,0,3,8.38
7.86,83,0,3,1,53.41
9.14,89,1,5,0,99.0
7.76,76,0,1,0,55.96
8.63,93,1,4,1,85.11
5.83,53,0,2,2,21.3
7.81,66,1,4,2,62.13
8.01,83,1,3,0,86.94
6.85,68,1,2,1,65.38
6.69,67,0,0,3,15.52
8.52,91,1,5,0,94.12
8.96,85,0,4,1,60.86
8.29,93,1,3,0,86.91
6.33,61,0,2,1,38.45
7.4,66,0,1,2,29.7
8.17,89,0,4,0,71.3
7.24,67,0,1,2,26.44
7.68,81,0,1,0,54.18
5.25,65,0,2,1,38.88
8.02,77,0,3,1,54.17
9.42,99,1,4,0,97.67
8.96,92,0,4,0,72.96
7.73,65,1,4,2,63.56
9.66,100,1,5,0,99.0
6.56,70,1,1,1,55.96
8.17,88,1,5,0,96.0
8.52,83,0,2,1,51.72
8.18,78,0,2,0,62.03
6.99,64,0,1,1,36.67
5.26,51,0,1,3,7.71
8.64,85,1,3,0,90.74
5.69,43,0,1,1,23.82
5.5,58,0,2,3,15.65
9.55,96,1,5,0,99.0
7.87,69,0,3,0,60.25
9.3,100,1,5,0,99.0
5.73,47,0,2,3,9.16
9.85,86,1,4,0,97.28
8.22,93,0,2,1,57.67
8.5,75,1,3,0,83.25
5.24,41,0,2,2,15.64
8.91,90,0,3,0,71.19
8.8,83,1,4,1,79.7
9.93,87,1,4,0,96.86
8.3,90,1,3,1,81.05
9.15,85,1,4,0,91.53
5.36,48,0,1,3,7.16
7.36,76,1,3,2,63.56
9.59,99,1,4,0,97.27
7.31,84,1,2,0,76.78
6.13,57,0,2,1,37.55
8.35,95,0,4,0,71.72
5.86,53,0,2,1,32.41
8.39,86,0,2,1,56.17
9.86,92,1,5,0,99.0
8.83,80,0,2,0,65.91
8.8,95,0,4,1,66.3
8.12,80,0,3,0,62.42
9.07,92,1,5,0,99.0
8.94,91,0,2,0,69.59
5.94,57,0,1,1,33.89
9.83,86,1,5,0,99.0
5.95,55,1,1,2,43.33
6.66,54,0,0,2,16.51
9.72,92,0,3,0,74.62
6.8,65,0,0,2,20.3
6.93,61,0,0,2,23.55
7.06,76,0,2,0,52.51
9.84,90,1,4,0,99.0
8.08,75,1,4,1,73.78
8.67,83,1,5,1,87.25
9.45,88,0,4,0,77.47
7.1,81,1,3,2,64.15
9.74,100,1,4,0,97.09
7.33,83,0,2,1,51.55
8.21,85,1,5,0,91.23
7.85,74,0,3,2,38.67
9.55,96,1,5,0,99.0
8.93,95,0,2,1,55.75
7.18,71,1,4,0,84.43
9.22,89,1,4,0,94.97
5.41,43,0,0,3,2.84
8.51,80,1,5,0,95.78
8.48,94,0,2,0,64.88
5.4,54,0,1,3,9.1
9.6,93,1,4,0,99.0
7.31,71,0,3,0,55.88
7.68,70,1,3,1,66.88
7.04,72,0,1,2,27.24
8.41,84,0,3,1,58.63
8.41,89,1,4,1,83.13
6.34,52,0,2,1,38.79
5.34,43,0,2,1,32.59
7.43,70,0,2,0,52.0
5.15,48,0,1,2,16.42
8.37,86,1,5,1,87.09
6.02,66,0,0,2,20.87
9.43,91,1,4,0,96.3
8.12,83,0,3,0,67.32
6.03,67,0,0,1,30.2
9.04,94,1,4,0,92.84
6.58,66,0,0,3,15.83
6.74,75,0,2,0,54.09
9.31,100,0,4,0,80.59
6.24,71,0,2,0,54.14
6.98,62,0,0,2,22.03
6.7,50,0,2,2,29.45
9.89,97,1,5,0,99.0
7.37,78,0,2,1,47.2
8.79,75,0,3,0,64.27
5.65,65,0,2,2,24.28
9.66,88,1,5,0,99.0
8.29,95,1,4,1,86.52
8.92,87,1,5,0,98.32
6.73,52,0,2,3,14.16
8.69,87,1,4,0,94.52
5.36,50,0,0,1,24.76
9.59,86,0,3,0,73.36
9.71,99,1,4,0,96.69
9.49,89,1,5,0,96.92
8.19,89,1,3,0,87.36
5.45,47,0,1,1,24.18
6.98,73,0,1,0,48.33
8.92,82,1,5,0,97.82
5.6,57,0,2,3,11.7
8.85,76,1,4,0,92.78
6.19,57,0,1,0,45.77
8.35,80,1,4,0,92.22
8.07,86,0,3,0,67.05
8.71,81,0,4,0,70.78
8.42,95,1,4,1,80.97
7.27,80,0,3,0,63.45
6.79,50,0,2,1,39.77
5.2,54,1,1,1,48.4
7.92,67,1,4,2,64.82
7.93,74,0,3,0,60.95
9.49,98,1,4,0,99.0
7.22,67,0,1,2,28.37
7.69,78,0,2,0,59.31
9.22,88,1,4,0,94.67
9.69,86,1,5,0,96.72
6.77,53,1,3,2,49.59
9.21,96,1,4,0,98.03
7.53,68,1,3,0,80.75
6.25,58,1,1,3,32.27
8.62,80,0,4,0,68.17
6.1,51,0,1,3,9.65
5.24,65,0,0,2,19.84
6.83,52,0,0,2,21.51
5.65,60,0,0,2,20.78
7.2,71,1,4,0,79.5
6.63,66,0,1,2,25.01
8.47,90,1,3,1,76.65
6.66,55,0,2,3,17.81
6.24,65,1,2,0,67.34
5.97,51,1,2,2,44.19
6.93,53,0,2,0,45.16
5.13,46,0,2,3,9.76
6.9,52,0,1,2,22.75
8.47,80,1,4,1,81.65
8.23,75,0,2,1,49.31
5.14,46,0,0,3,4.79
8.09,93,1,4,1,85.22
9.01,99,0,3,0,71.23
5.69,65,0,1,1,35.42
5.11,40,0,1,1,23.89
8.43,81,1,4,0,90.81
7.5,67,1,3,2,59.35
7.77,70,1,2,0,75.19
6.11,54,1,3,0,71.59
7.21,77,0,2,1,43.34
8.08,89,0,3,0,66.98
8.08,92,1,4,1,83.88
8.03,80,1,3,1,72.1
9.82,87,1,4,0,96.47
6.7,56,0,1,2,27.25
6.29,53,0,0,0,37.91
8.16,79,1,5,0,89.26
6.03,63,0,1,0,41.0
7.85,84,0,1,1,46.67
5.4,52,0,1,2,15.5
6.21,52,0,0,3,9.34
9.2,96,1,4,0,95.0
6.13,57,0,0,0,40.55
7.76,66,0,1,0,53.96
7.62,79,0,3,1,51.37
9.35,100,1,5,0,99.0
8.49,82,1,4,0,92.31
7.97,84,0,3,2,47.09
5.12,56,0,0,1,22.72
8.58,87,0,3,1,56.13
8.75,80,1,3,1,76.62
9.03,96,0,4,0,74.41
8.25,94,1,4,0,92.08
5.14,49,1,2,1,48.69
6.2,74,1,1,2,47.9
9.71,88,1,5,0,99.0
6.33,60,0,2,1,36.16
8.45,75,1,4,1,76.08
6.46,66,0,1,1,35.41
8.63,82,1,5,0,94.81
6.84,69,0,2,0,50.64
5.37,45,0,1,1,23.3
6.17,67,0,0,2,20.7
8.14,80,0,4,0,67.49
9.47,96,0,3,0,76.94
5.26,43,1,2,3,30.31
8.03,88,1,5,1,87.5
5.76,54,0,0,1,23.36
6.16,61,0,0,0,36.86
7.12,66,1,4,1,72.72
7.65,70,0,2,0,58.78
9.18,95,1,5,0,99.0
9.43,89,1,4,0,95.7
8.7,80,0,3,1,58.45
9.36,86,1,5,0,99.0
7.46,81,1,2,2,58.41
9.14,93,1,5,0,99.0
9.64,91,1,5,0,99.0
7.91,73,0,1,1,42.59
6.81,51,0,2,2,30.13
6.1,69,0,1,3,18.05
7.93,70,0,3,0,60.75
5.62,57,0,2,3,17.77
6.96,68,0,1,1,37.76
5.36,51,0,1,2,17.06
8.19,90,0,2,0,60.66
7.33,78,0,1,0,50.06
7.98,82,0,1,2,34.53
9.47,94,1,5,0,99.0
8.11,78,1,3,0,84.78
5.85,54,0,0,2,15.67
7.37,79,1,2,0,78.5
5.34,45,0,2,1,29.19
9.43,100,1,4,0,99.0
9.94,98,1,5,0,99.0
7.79,71,1,4,0,83.56
8.25,88,1,4,0,91.28
8.03,78,1,4,1,75.5
8.44,88,0,2,0,62.94
7.15,85,0,2,1,48.53
7.31,77,1,4,0,86.69
6.24,59,0,1,0,44.54
7.11,65,1,4,0,78.39
6.03,61,0,0,2,18.41
8.46,78,0,3,1,55.01
7.86,65,0,1,1,41.01
9.84,99,1,4,0,99.0
8.2,78,0,2,0,57.1
5.09,65,1,3,3,38.31
8.85,93,0,4,1,66.88
6.95,60,0,2,3,17.33
5.17,48,0,2,2,22.49
6.44,51,0,2,0,47.84
9.58,93,1,4,0,99.0
8.33,91,1,4,0,95.45
8.24,85,1,5,1,83.34
6.79,71,0,2,1,40.06
8.44,95,1,4,0,96.04
5.49,46,0,1,2,19.02
8.29,89,1,4,1,83.72
8.6,95,0,3,1,57.6
9.58,89,0,4,0,76.23
7.57,65,0,3,1,47.0
9.68,99,1,5,0,99.0
6.98,70,0,2,0,53.43
9.43,100,1,5,0,99.0
8.45,88,1,5,0,96.97
6.31,52,0,0,0,37.69
8.36,86,1,3,0,84.06
8.68,92,1,3,1,82.98
8.92,86,0,4,0,73.02
6.4,74,1,2,3,42.6
6.55,60,0,2,0,48.92
8.07,77,0,3,1,55.34
7.47,81,0,1,1,44.45
9.49,90,0,4,0,78.22
8.79,80,1,4,1,82.77
5.09,53,1,1,2,36.72
5.09,54,1,3,1,54.02
7.18,79,0,2,0,58.83
7.97,82,0,3,1,51.49
9.83,91,1,4,0,97.7
6.88,57,0,1,2,28.18
6.69,57,0,1,1,35.52
8.46,83,0,4,1,62.51
7.71,69,0,2,1,48.69
9.39,100,0,4,0,77.87
6.28,74,0,1,0,47.18
5.54,57,0,0,3,4.49
8.27,94,0,3,1,61.14
8.0,85,1,3,1,76.5
8.09,87,1,3,1,77.41
9.33,87,0,3,0,73.75
7.05,83,0,1,0,56.57
9.66,86,1,5,0,99.0
7.22,74,0,3,2,40.47
5.06,50,0,2,2,23.71
7.48,72,0,2,2,37.78
5.95,50,0,2,1,32.83
5.78,55,0,0,2,19.73
9.92,91,1,5,0,99.0
7.24,72,0,1,2,29.94
5.05,56,0,0,3,3.48
9.86,95,0,3,0,73.01
9.07,99,1,5,0,99.0
8.94,84,1,3,0,91.49
8.47,81,1,4,0,90.95
8.75,90,1,4,1,85.62
6.78,73,1,2,0,76.63
6.01,66,0,0,0,40.84
7.72,83,0,1,0,54.92
6.23,62,1,2,2,48.41
9.47,87,1,5,0,99.0
6.23,58,0,0,1,30.2
7.03,68,0,3,0,55.01
9.26,95,0,3,0,71.91
6.14,55,1,1,1,50.99
8.12,86,1,4,0,89.22
8.81,85,0,3,1,55.34
9.41,88,1,4,0,93.34
5.5,45,0,0,2,10.75
8.66,79,1,3,1,77.01
6.75,56,0,0,0,41.42
8.86,94,1,4,0,92.21
6.5,60,0,2,2,29.75
6.82,64,0,2,3,20.07
5.74,56,0,1,3,10.89
8.95,79,1,3,0,86.03
9.86,86,1,4,0,95.31
6.81,71,0,1,3,18.13
9.21,91,1,4,0,93.53
9.14,99,1,5,0,99.0
8.4,89,0,3,0,67.1
7.49,70,0,3,0,62.22
7.3,67,0,3,2,36.65
5.25,62,0,1,2,18.98
7.8,79,1,3,1,75.0
5.9,54,0,1,1,29.85
9.05,87,1,4,0,92.78
6.49,69,0,2,2,33.41
5.35,65,1,3,3,39.22
6.94,52,0,0,3,7.89
9.71,88,1,5,0,99.0
9.35,93,1,4,0,98.62
6.37,54,0,2,1,37.5
7.75,68,1,2,1,64.53
9.03,92,1,4,0,98.2
7.05,65,0,1,2,28.17
8.42,84,1,3,1,76.67
7.34,77,0,2,0,54.79
5.6,55,0,0,2,13.1
6.59,58,0,1,3,14.47
6.96,72,0,0,1,35.96
8.81,86,1,3,1,78.64
5.48,40,0,2,2,18.18
8.0,88,1,3,0,85.4
7.72,72,1,2,0,76.62
8.81,75,1,5,0,92.34
9.57,87,1,4,0,92.59
6.65,59,0,2,2,31.98
9.46,87,1,4,0,94.21
5.64,60,0,2,2,23.74
7.11,76,0,3,0,58.69
7.56,73,0,2,1,43.36
7.69,81,1,3,2,66.22
6.41,53,1,3,2,52.34
9.53,93,1,4,0,99.0
7.13,75,1,3,0,80.45
7.57,77,0,1,2,36.59
9.57,98,0,3,0,71.9
7.28,80,0,3,1,50.48
5.59,48,0,1,1,26.96
5.32,54,0,0,1,26.82
8.1,77,1,3,0,82.45
6.16,68,0,0,0,39.96
8.36,95,1,4,1,83.76
6.28,72,0,2,0,48.58
7.17,69,0,3,0,54.8
5.79,63,0,0,3,10.16
6.61,67,1,2,3,42.23
8.57,76,1,5,0,92.8
9.5,98,1,4,0,97.65
9.21,95,0,3,0,72.73
9.04,100,1,4,0,99.0
7.17,69,1,4,2,60.8
5.04,59,0,2,1,35.34
9.11,89,0,4,0,72.58
9.17,99,1,4,0,94.8
9.03,100,1,5,0,99.0
6.22,58,0,2,1,34.17
6.36,65,0,2,1,40.76
9.64,98,1,5,0,99.0
8.91,93,1,5,1,88.09
8.42,83,1,4,1,81.37
6.1,68,0,2,2,32.75
7.14,74,0,1,1,44.19
7.29,81,0,1,0,50.81
7.64,77,0,3,2,42.84
5.61,61,0,1,1,34.94
5.03,62,0,1,3,12.2
6.95,53,0,2,3,20.23
9.24,97,0,3,0,71.44
9.1,92,1,5,0,99.0
7.87,83,0,1,2,38.45
8.21,95,1,3,0,92.23
8.43,91,1,3,0,91.81
8.28,95,0,2,1,52.48
9.08,96,0,4,0,77.58
5.21,61,0,2,1,33.53
6.42,71,0,1,3,14.77
5.65,49,0,0,1,27.48
9.51,89,0,3,0,70.98
7.5,78,1,2,1,66.65
8.82,91,0,3,1,57.17
7.67,72,0,3,1,47.44
8.29,75,1,4,0,86.52
5.49,53,1,1,2,37.12
5.66,65,0,2,1,34.31
5.93,44,1,1,1,49.95
8.79,81,1,3,1,75.06
8.01,91,1,4,1,80.33
8.01,86,1,4,0,88.83
9.88,96,1,5,0,99.0
5.02,53,1,1,3,30.47
8.89,76,1,5,1,85.92
6.64,63,0,0,2,25.14
9.98,87,1,5,0,99.0
9.56,88,0,3,0,68.86
9.43,93,1,4,0,94.91
6.57,61,0,1,1,38.3
6.85,73,0,1,3,19.88
9.51,87,1,4,0,95.38
6.35,58,0,1,3,16.62
9.55,92,1,5,0,99.0
5.18,42,0,0,2,9.73
6.69,50,1,3,3,43.42
8.29,94,0,3,1,56.22
7.25,79,1,3,1,71.08
6.59,60,1,3,2,54.06
5.85,54,0,2,3,14.67
8.55,91,1,5,0,99.0
6.02,51,0,2,0,43.37
8.53,86,1,4,1,80.66
8.32,82,1,5,0,91.72
5.68,64,0,0,2,22.08
8.14,76,1,3,1,76.29
7.46,78,0,1,0,54.51
7.98,69,0,1,1,40.63
9.19,91,1,5,0,99.0
9.03,99,1,5,0,99.0
9.02,92,1,5,0,99.0
8.84,92,1,5,0,96.54
9.7,88,0,4,0,74.35
5.3,41,0,1,2,12.85
6.82,51,0,2,1,37.17
7.24,83,1,3,2,62.24
5.82,42,0,0,2,11.97
6.49,63,0,2,3,22.61
6.54,52,0,0,2,19.49
8.97,84,1,5,0,97.59
5.15,65,1,2,2,46.53
5.02,49,0,0,2,11.27
8.62,85,0,2,1,55.67
5.7,48,0,0,1,22.35
5.26,60,0,0,2,13.41
8.25,88,1,5,0,98.28
5.28,51,0,2,2,19.78
7.75,85,0,3,0,63.62
9.63,92,1,5,0,99.0
6.26,51,0,2,1,33.21
8.95,88,0,3,1,58.72
9.88,87,1,4,0,93.68
9.13,91,1,4,0,96.25
7.06,81,1,2,2,59.01
8.66,92,1,4,0,92.91
6.32,70,0,2,0,50.12
6.74,75,0,1,3,19.09
7.67,70,0,1,0,48.84
9.09,88,1,5,0,99.0
8.77,92,0,4,1,64.3
8.77,86,1,3,0,89.5
9.81,100,1,5,0,99.0
7.11,84,1,4,1,73.09
8.14,93,0,3,0,70.39
6.09,65,1,3,0,69.81
8.57,83,0,2,0,62.89
9.84,90,1,5,0,99.0
6.03,52,0,0,2,13.7
8.42,79,0,4,1,62.17
9.33,96,1,5,0,99.0
7.04,81,1,3,0,79.94
8.86,91,0,2,0,64.31
6.21,55,0,2,0,44.23
5.85,61,0,1,2,25.77
5.97,62,0,2,1,38.5
6.98,53,0,2,1,36.33
9.24,99,1,4,0,96.04
9.43,92,1,4,0,96.6
9.59,92,0,3,0,75.16
6.59,53,0,1,0,43.97
8.3,75,0,2,1,50.55
5.94,57,0,1,1,31.89
5.99,49,0,0,1,25.66
8.7,95,0,4,1,67.95
6.51,52,0,1,0,41.39
9.81,96,0,4,0,81.13
6.16,71,0,2,3,21.86
7.07,81,0,1,1,46.05
5.73,65,0,2,3,16.56
6.08,54,0,0,2,17.48
6.8,62,1,1,0,64.4
8.76,82,0,4,1,60.26
5.36,49,0,1,2,17.46
7.4,66,1,2,1,61.7
6.25,67,0,2,0,47.98
7.98,69,1,2,2,53.63
9.96,89,1,4,0,96.56
9.46,89,1,4,0,94.81
7.78,73,0,2,1,44.13
6.36,66,0,1,0,49.06
5.66,58,1,3,1,59.21
8.48,92,0,3,0,72.28
7.98,73,1,3,2,61.83
8.85,80,1,4,0,90.97
7.2,69,0,1,1,37.9
8.93,92,1,5,1,91.86
6.86,62,0,0,2,20.61
6.98,53,0,0,2,18.33
9.81,88,1,4,0,97.73
9.96,89,1,4,0,96.56
7.27,71,0,3,0,56.74
6.54,67,0,1,2,23.99
9.87,98,1,4,0,99.0
8.85,81,1,5,0,92.28
8.24,77,1,4,1,75.94
9.31,99,1,5,0,99.0
5.98,65,0,1,1,37.43
9.48,89,1,4,0,98.88
8.61,90,1,4,0,91.13
8.84,82,1,5,1,87.54
7.92,74,0,1,1,41.92
6.83,54,0,1,2,26.11
9.57,93,1,5,0,99.0
8.94,85,0,3,1,57.79
5.63,49,0,1,2,19.41
5.83,58,0,1,2,23.8
9.86,92,1,5,0,99.0
9.65,86,1,5,0,97.58
6.33,56,1,3,0,70.95
9.35,92,1,5,0,99.0
7.9,73,0,3,2,44.55
6.87,75,0,0,0,46.55
8.05,89,1,4,1,77.88
9.34,95,1,4,0,99.0
6.0,59,0,2,3,15.7
5.94,65,0,2,1,41.29
9.45,85,1,4,0,93.57
7.48,84,0,1,1,48.38
7.38,67,1,2,0,72.93
8.54,85,0,3,0,69.39
8.07,79,1,3,1,71.95
6.49,59,0,0,3,12.41
5.18,61,0,2,1,35.43
8.63,85,1,4,0,92.7
5.9,41,0,0,2,12.95
9.71,86,1,5,0,99.0
6.33,59,0,1,0,40.86
8.33,85,0,2,0,64.66
7.85,72,1,2,1,68.07
7.43,74,1,2,2,53.2
7.31,74,1,2,1,66.78
6.89,64,0,2,3,21.31
8.6,75,1,3,1,75.6
6.84,50,1,2,0,63.94
7.69,69,1,3,0,79.61
7.35,85,0,3,0,61.22
5.99,43,0,1,2,16.87
6.78,57,1,1,1,54.83
8.6,75,1,4,1,81.6
5.15,60,1,3,3,37.03
7.32,84,0,2,2,41.82
5.38,58,0,1,3,13.23
8.63,75,1,4,1,78.7
8.49,78,0,2,1,54.12
9.18,92,1,5,0,99.0
8.57,88,0,2,0,67.39
9.94,92,0,3,0,75.39
7.54,77,0,1,1,44.49
7.83,78,1,2,2,56.81
8.03,83,1,3,0,84.0
6.45,52,1,2,0,64.17
7.75,68,0,3,2,39.53
8.31,84,0,2,1,55.28
6.19,68,0,1,0,49.06
6.43,70,1,1,3,37.5
7.32,72,0,2,1,46.22
5.2,45,0,0,2,8.7
5.82,42,0,2,2,22.97
7.77,84,0,3,0,66.39
5.15,49,1,1,2,36.73
6.12,67,0,0,1,30.52
9.07,96,1,4,0,98.55
7.18,72,0,2,0,55.73
5.89,50,1,1,1,46.61
6.79,73,0,1,1,39.66
5.48,60,0,1,2,23.18
8.38,94,1,5,0,97.53
5.67,61,0,1,1,32.14
7.18,74,1,2,2,55.33
8.54,83,0,3,1,58.79
5.54,49,0,0,3,1.09
5.18,48,0,2,2,17.53
9.42,100,0,3,0,76.97
9.89,95,1,4,0,99.0
8.82,88,1,3,1,77.27
5.39,65,0,2,3,15.36
6.27,70,0,0,2,20.95
5.39,61,0,2,2,22.16
8.06,84,1,5,1,83.41
6.17,72,0,2,2,33.19
8.13,93,0,2,1,53.36
7.69,76,1,2,1,68.72
9.31,86,0,4,0,76.39
8.02,88,1,4,0,91.47
9.84,94,1,5,0,99.0
6.58,55,1,1,1,56.53
6.8,72,0,1,0,48.4
8.88,83,1,5,0,97.98
6.59,73,0,2,3,23.97
9.01,86,1,4,0,91.34
8.38,77,1,3,0,86.43
5.99,40,0,0,1,24.97
9.1,98,1,5,0,99.0
5.9,47,0,0,1,21.75
9.47,100,1,5,0,99.0
7.99,84,1,4,2,68.16
8.92,92,1,3,1,79.82
9.47,94,1,5,0,99.0
8.01,84,1,5,0,91.23
9.47,94,1,4,0,99.0
7.28,77,0,2,0,59.58
5.85,41,0,2,1,32.77
6.16,68,0,2,3,16.96
7.08,81,1,4,1,77.08
6.13,63,0,2,0,50.35
6.51,69,0,1,3,18.48
7.99,68,0,3,0,60.37
9.91,90,0,3,0,70.69
7.17,65,1,4,0,80.59
8.38,84,1,3,0,87.53
8.1,88,0,2,1,55.75
8.5,81,0,3,0,68.05
9.12,88,1,5,0,98.32
7.92,76,0,1,2,35.52
8.35,86,0,4,0,73.03
6.97,73,0,1,0,47.3
9.82,98,1,4,0,99.0
6.5,74,0,2,0,50.95
5.22,64,0,1,3,10.47
6.07,53,0,1,0,40.15
6.59,55,0,2,0,47.56
7.65,72,0,2,0,58.38
6.05,50,0,2,3,14.17
9.36,94,1,5,0,99.0
5.7,49,0,1,1,25.65
9.28,86,1,5,0,97.28
6.1,72,0,2,2,27.95
5.05,44,0,2,3,5.88
6.12,51,1,1,1,48.72
6.99,68,1,3,2,55.87
9.29,99,1,5,0,99.0
5.09,48,0,2,3,12.22
6.02,69,0,1,3,16.77
6.62,75,0,1,1,38.67
8.34,81,1,4,0,92.49
7.37,78,1,3,0,83.19
5.28,54,0,0,3,3.68
6.41,74,0,2,0,50.64
7.09,66,0,1,1,35.61
9.67,97,1,5,0,99.0
6.12,69,0,0,3,10.12
8.36,84,1,4,1,81.46
5.42,45,0,0,1,20.47
5.97,45,0,0,2,15.39
8.26,82,0,2,1,50.51
5.83,64,0,0,2,17.6
8.11,77,1,5,1,82.48
7.98,77,0,3,2,41.03
6.5,63,0,0,1,31.65
9.62,87,1,5,0,99.0
7.72,68,0,2,1,44.42
5.95,52,0,0,3,5.42
6.74,56,1,2,1,56.39
5.29,42,0,1,2,18.12
8.6,76,0,3,1,54.9
5.29,60,0,2,3,13.52
9.51,89,1,4,0,98.98
6.65,58,1,1,3,37.67
5.35,58,0,1,1,28.12
5.47,46,0,2,3,13.94
6.67,56,0,0,2,22.15
5.43,44,1,1,3,24.2
9.86,88,1,4,0,97.91
9.59,99,0,3,0,74.27
6.83,70,0,0,3,13.91
9.0,98,1,5,0,99.0
7.57,66,0,1,0,53.3
7.89,65,0,2,0,52.11
5.05,55,0,2,2,22.17
9.54,97,1,5,0,99.0
8.88,93,0,3,1,63.98
9.01,91,1,5,0,96.84
5.81,45,0,2,2,23.83
6.36,71,0,0,0,44.56
9.61,99,1,5,0,99.0
8.31,76,1,4,1,77.89
9.18,96,1,5,0,99.0
5.0,49,0,1,2,15.2
6.2,72,1,2,2,51.3
9.94,93,0,3,0,73.69
9.85,96,1,4,0,96.28
5.68,60,0,2,1,37.88
5.44,60,0,1,1,32.04
5.13,65,0,1,2,22.45
7.93,81,0,1,1,43.05
7.59,68,1,4,1,74.97
8.52,77,0,2,0,60.92
8.77,95,0,3,1,62.19
5.19,51,0,0,1,20.47
6.28,53,0,1,2,21.88
7.46,76,1,3,2,58.91
8.76,82,0,2,1,55.26
5.62,42,0,2,1,33.27
5.91,60,0,0,1,30.69
6.58,57,0,0,0,41.13
5.47,61,0,1,2,20.44
5.65,43,0,1,2,13.68
6.31,64,0,0,3,9.28
9.06,98,0,4,0,79.11
5.23,47,0,1,1,27.41
7.01,73,1,4,1,72.44
5.52,48,0,2,2,23.72
6.43,66,0,1,0,47.3
5.15,59,1,3,1,60.72
9.7,93,1,4,0,99.0
6.67,61,0,0,2,24.65
5.88,41,0,0,1,20.88
9.57,87,0,3,0,71.59
9.71,92,1,5,0,99.0
6.47,71,0,2,0,50.94
6.0,70,0,1,3,19.0
6.83,69,1,3,1,66.61
6.26,71,0,1,1,40.21
5.46,54,0,2,3,12.31
9.09,87,1,4,0,93.92
5.12,41,0,1,3,3.22
9.61,96,0,4,0,78.44
6.59,69,0,0,3,13.77
7.07,75,0,2,2,34.25
9.3,92,1,5,0,99.0
7.74,83,1,3,1,75.99
7.56,72,0,2,2,39.06
6.43,51,0,2,2,26.8
6.3,55,0,1,0,39.55
6.68,58,1,2,0,66.78
8.35,89,0,2,0,61.92
9.31,95,1,5,0,99.0
8.33,76,0,2,1,46.95
6.01,53,0,2,3,15.94
6.98,56,0,0,3,14.23
5.22,65,0,0,1,24.77
5.38,53,0,0,3,3.73
8.04,91,1,3,1,74.44
9.15,90,1,5,0,99.0
5.87,62,0,1,2,20.14
6.95,70,1,1,1,60.33
6.93,71,0,1,2,26.55
9.54,93,1,5,0,99.0
5.08,58,0,1,1,26.18
7.46,70,1,3,0,76.11
6.55,58,0,0,2,18.33
7.85,81,0,2,1,52.77
5.82,40,0,2,1,31.37
8.5,82,1,4,1,81.35
5.74,60,0,1,1,30.09
6.58,69,0,0,0,42.73
6.68,50,1,1,2,44.38
5.08,59,0,1,1,30.48
8.15,80,1,4,1,75.53
7.69,77,1,2,2,57.02
7.16,83,0,1,2,36.96
5.72,63,0,2,3,19.92
6.6,61,1,1,0,62.4
5.85,55,0,1,3,7.97
6.55,53,0,2,1,33.83
5.8,40,1,3,1,52.3
8.54,79,0,4,0,68.59
8.11,93,1,5,1,86.28
9.56,88,1,4,0,93.86
5.04,56,0,1,3,7.44
5.67,45,0,1,1,30.34
5.11,61,0,1,3,10.19
7.1,80,0,2,1,45.85
9.0,91,1,5,0,99.0
6.27,52,0,0,3,6.55
8.98,84,0,2,1,54.63
7.77,65,1,4,1,71.69
7.39,69,0,3,1,49.56
9.68,92,1,5,0,98.48
6.59,52,0,2,3,14.67
7.74,72,0,3,0,63.69
6.13,58,0,2,0,44.85
8.15,94,1,4,1,83.72
9.8,91,1,4,0,95.6
8.64,95,0,3,0,71.74
5.01,63,0,0,1,27.44
7.69,84,1,2,0,79.11
5.78,49,1,2,2,41.93
7.27,71,0,2,2,32.74
7.01,74,0,3,2,38.73
6.04,70,0,0,3,11.14
5.26,43,0,2,1,31.31
8.49,80,1,5,0,92.72
8.88,85,1,3,0,85.58
5.42,45,0,0,2,9.47
6.24,73,1,3,0,77.74
8.73,85,1,3,1,75.06
8.07,84,0,4,1,61.44
8.6,92,1,5,0,96.7
8.79,92,0,2,0,65.36
7.29,66,0,2,0,51.31
8.56,78,1,3,0,83.36
6.39,75,0,1,3,16.87
7.73,81,0,3,0,62.36
5.46,46,0,0,1,25.91
5.71,44,0,2,1,33.19
6.17,59,0,2,2,26.3
7.9,78,0,1,1,48.05
8.72,95,0,2,1,55.02
9.05,96,1,4,0,95.47
8.76,90,1,5,0,95.66
5.49,49,0,0,1,20.91
5.74,60,0,0,2,19.09
5.23,51,0,1,2,18.61
6.31,68,1,2,1,59.48
6.1,69,0,1,0,48.05
5.95,64,1,1,1,55.03
6.64,70,0,0,2,23.24
6.8,56,0,2,0,48.6
7.25,85,1,2,0,75.88
8.37,86,1,5,0,93.09
7.34,82,0,3,0,60.29
9.63,89,1,5,0,99.0
5.14,41,1,3,3,33.29
9.66,92,1,4,0,99.0
5.81,59,0,1,2,20.03
7.34,67,0,1,0,46.79
6.86,58,1,1,1,57.41
8.48,81,0,3,1,55.98
7.16,69,0,1,2,29.76
6.35,72,0,1,3,19.83
9.5,94,1,4,0,98.45
9.34,87,0,3,0,67.79
7.44,76,1,2,1,66.84
6.37,69,0,2,2,31.0
6.35,65,0,0,3,13.73
6.78,52,1,1,1,55.33
9.17,85,0,3,0,67.59
5.88,49,0,1,2,20.28
6.0,68,1,2,2,52.4
6.11,51,0,2,1,34.69
8.43,81,1,5,0,94.81
8.64,95,1,3,1,78.74
9.31,90,1,5,0,96.59
5.59,49,0,1,2,18.27
5.03,43,0,2,3,9.51
7.0,65,1,4,1,73.0
7.97,81,0,2,2,41.19
9.6,97,1,5,0,99.0
5.31,64,0,1,3,13.78
8.57,75,0,3,1,54.5
9.56,91,1,5,0,98.76
9.91,94,1,5,0,99.0
5.0,57,0,0,2,11.6
7.26,71,1,3,2,61.71
8.57,95,1,4,1,87.5
5.22,48,0,1,1,25.67
9.85,100,0,3,0,75.47
7.84,77,0,3,0,62.54
5.64,54,0,2,3,13.94
7.31,74,1,3,2,61.78
5.87,54,0,0,1,25.75
6.03,52,0,0,2,13.7
6.72,67,0,2,1,42.62
6.55,58,0,2,2,25.33
7.13,80,0,3,2,43.95
8.82,77,1,5,1,81.97
8.61,75,1,3,0,87.63
9.22,96,1,4,0,95.07
5.45,51,0,1,2,16.38
8.64,82,1,3,0,86.84
9.89,93,1,5,0,99.0
9.56,86,1,4,0,92.26
8.92,75,1,4,0,91.72
6.21,58,0,2,0,50.13
5.78,42,0,0,3,4.83
7.72,79,0,2,1,50.72
6.81,65,1,2,0,72.33
6.05,75,0,2,1,38.67
9.29,98,1,4,0,94.91
7.53,84,0,1,0,53.55
7.24,80,0,3,1,53.34
5.07,46,0,2,3,8.55
5.6,59,0,0,3,10.3
5.36,50,0,1,1,30.76
8.7,93,1,4,1,84.35
6.28,70,0,1,2,29.98
9.98,97,0,4,0,81.03
6.95,63,0,1,2,24.23
9.53,100,1,4,0,96.35
7.64,67,1,2,0,71.84
9.05,93,1,4,0,93.58
8.08,95,1,5,0,97.78
8.09,93,1,4,1,84.22
5.55,59,0,1,1,34.12
5.58,65,0,1,2,21.03
8.08,93,1,4,1,83.18
7.7,69,1,3,2,59.65
9.07,94,0,4,0,73.94
8.5,93,1,3,1,76.65
7.92,74,0,2,1,48.92
6.88,64,0,2,1,44.28
9.92,87,1,5,0,97.82
8.41,84,0,3,1,53.63
6.04,62,0,2,1,37.74
9.41,89,1,4,0,98.64
9.21,86,0,3,0,73.03
6.78,63,1,3,1,67.63
9.48,91,0,3,0,70.48
9.94,90,0,3,0,71.79
6.07,54,0,2,0,43.45
5.18,48,0,1,3,3.53
6.72,67,0,0,2,25.62
5.58,55,0,2,1,37.03
5.36,59,0,0,3,3.46
8.53,89,0,4,0,71.56
9.72,94,1,4,0,98.22
7.05,79,0,3,1,49.38
5.03,49,0,2,2,23.3
9.26,95,1,4,0,94.91
6.25,55,0,0,2,16.38
9.76,93,0,4,0,75.06
8.17,79,0,2,1,52.3
8.67,93,1,3,1,78.25
5.1,46,1,2,3,30.65
7.54,82,0,2,2,37.99
8.17,88,0,4,1,61.0
7.59,66,0,2,2,32.37
9.73,88,0,4,0,77.45
9.3,98,1,4,0,98.95
7.77,79,1,2,2,57.89
8.27,89,0,3,1,54.64
5.94,48,0,1,3,8.19
5.57,60,0,0,1,30.5
8.06,81,0,3,1,51.51
8.59,75,0,3,1,55.56
5.75,46,0,1,2,15.92
6.52,65,1,2,0,69.32
9.42,88,1,4,0,96.37
6.48,75,0,0,3,15.18
5.28,47,0,1,2,19.58
8.08,87,1,5,0,92.38
5.27,56,0,2,1,32.24
5.29,57,0,0,3,2.61
7.09,79,0,2,2,38.52
8.65,92,0,4,0,71.88
5.75,63,0,0,2,22.02
6.9,59,0,2,1,41.85
9.77,97,1,5,0,99.0
6.39,52,1,2,1,55.97
6.99,55,0,0,1,32.97
8.89,87,1,3,1,80.22
7.92,69,1,3,2,60.42
5.57,46,0,1,1,29.3
5.83,58,0,2,1,35.8
7.96,78,0,3,0,63.26
7.52,85,0,3,2,46.82
5.69,46,0,1,3,6.72
8.75,95,1,3,0,93.12
6.45,71,1,2,2,54.88
6.21,68,0,0,3,15.14
8.21,93,0,3,0,66.64
8.87,75,0,3,0,67.55
8.39,92,1,4,0,94.97
5.52,49,0,2,2,19.02
8.71,84,0,3,1,57.69
5.48,42,0,2,1,28.78
9.11,86,1,5,0,96.69
7.15,72,0,3,1,51.62
6.27,63,1,2,3,41.84
5.64,58,0,0,2,20.14
5.2,62,0,0,3,9.8
5.57,47,0,2,3,11.59
6.09,74,0,0,0,42.52
9.27,97,0,4,0,79.55
6.05,69,1,2,1,62.88
9.07,91,1,5,0,99.0
7.86,77,0,2,0,60.61
7.98,70,1,2,2,55.93
7.25,75,0,1,2,32.88
8.65,83,1,4,1,79.17
8.56,85,1,5,1,86.46
7.11,70,1,3,1,70.89
7.79,83,1,2,2,63.16
6.24,73,0,1,3,17.74
7.41,67,1,4,0,83.03
8.08,84,0,4,0,69.48
8.53,85,1,3,0,89.36
6.29,50,0,0,1,27.02
5.98,52,0,0,2,15.53
6.04,61,0,0,2,19.44
6.56,59,0,0,3,7.66
9.03,97,1,5,0,99.0
7.51,69,0,1,1,37.98
9.04,88,1,5,0,99.0
8.75,87,1,5,0,96.72
6.73,66,1,2,1,63.36
6.66,73,1,1,2,48.21
7.44,77,1,3,1,70.14
9.59,96,0,4,0,80.36
7.89,85,0,3,1,58.11
9.0,87,1,5,0,99.0
6.47,53,1,2,2,44.55
9.39,94,1,5,0,99.0
7.3,68,1,2,2,51.95
8.27,79,1,5,1,84.65
7.41,73,1,2,1,64.83
6.23,56,1,3,0,67.61
5.27,47,0,2,3,10.54
6.5,70,0,2,3,18.75
9.65,88,0,4,0,74.18
7.72,73,0,2,2,39.92
8.27,77,1,5,0,93.05
9.49,94,1,4,0,94.42
5.33,44,0,1,3,4.86
8.55,94,0,3,0,72.12
8.38,95,1,4,0,95.83
5.66,53,0,0,1,22.71
9.36,95,1,4,0,94.26
9.26,97,0,3,0,73.51
8.28,88,1,5,1,83.38
5.08,47,1,1,1,47.88
6.02,74,0,2,2,34.27
5.8,61,0,0,1,25.6
7.47,66,1,3,2,56.94
6.28,54,0,1,3,12.18
5.78,59,0,0,1,25.93
5.84,44,0,2,2,24.64
5.92,41,0,2,2,23.02
6.3,71,0,2,1,43.35
6.64,71,0,0,3,13.54
5.89,60,0,1,1,32.61
7.68,83,1,3,2,65.78
7.12,77,0,1,2,30.02
5.98,52,0,0,3,6.53
5.41,44,0,0,2,14.14
8.74,94,1,4,0,95.79
6.26,66,0,1,1,35.71
7.92,75,0,1,1,43.22
6.11,66,0,2,3,20.19
6.84,56,0,0,0,39.74
7.6,71,0,2,1,45.9
7.31,71,0,3,1,47.88
8.49,77,0,3,1,51.81
9.6,89,0,3,0,74.3
8.79,92,1,4,0,95.36
8.43,83,0,4,1,57.41
8.74,82,1,4,1,80.19
5.11,55,0,1,3,6.39
5.35,47,0,1,2,13.82
6.51,73,0,2,2,35.69
9.92,92,1,4,0,97.32
5.2,63,0,2,1,37.1
5.77,42,0,1,3,4.8
6.99,50,0,1,0,45.47
9.46,95,1,5,0,98.61
9.43,97,1,4,0,97.1
5.27,48,0,1,3,9.84
5.39,50,0,0,1,24.86
8.32,82,0,4,1,58.72
9.45,97,1,4,0,97.17
9.71,99,1,4,0,99.0
5.11,48,0,1,2,16.28
8.96,87,1,5,1,90.46
8.56,90,1,3,0,91.96
7.55,71,0,3,1,47.72
8.12,86,0,4,0,67.22
9.57,85,0,3,0,69.0
9.78,100,1,4,0,99.0
5.44,46,0,2,3,8.84
5.7,65,0,2,1,40.45
8.57,94,1,4,1,84.19
8.78,89,0,3,0,71.43
6.35,71,0,2,0,54.52
6.75,69,0,1,3,20.33
6.45,60,0,0,1,29.58
9.77,89,1,5,0,99.0
5.29,51,0,2,3,14.81
6.54,68,0,2,3,21.29
8.18,86,1,5,0,95.43
5.55,62,0,2,1,36.02
5.99,52,0,1,2,19.56
9.21,96,1,4,0,95.03
9.82,91,0,3,0,71.67
7.83,81,0,2,1,52.7
7.44,80,1,4,0,83.04
7.27,67,0,2,1,40.55
6.21,54,1,1,0,64.94
5.58,42,0,1,3,7.13
5.7,43,0,1,1,29.85
6.3,57,0,0,3,8.15
9.69,94,1,5,0,99.0
8.88,90,1,3,1,80.08
9.11,97,1,5,0,99.0
8.74,79,0,2,0,65.29
7.32,80,1,4,2,67.62
5.62,44,0,0,2,14.87
8.99,88,0,2,0,64.86
7.99,75,0,2,2,37.47
8.66,77,1,5,1,82.41
9.82,100,1,5,0,99.0
5.69,57,0,2,3,12.02
5.34,51,0,0,3,4.99
9.95,98,1,5,0,99.0
6.41,55,0,1,3,12.94
9.54,99,0,4,0,80.09
8.48,77,1,4,0,86.78
7.2,85,1,2,0,78.7
8.89,77,1,3,1,77.22
5.33,41,0,1,1,24.95
8.07,76,1,3,1,75.05
7.15,81,1,2,1,65.33
8.78,88,1,5,1,90.13
5.79,62,0,2,3,19.86
9.23,86,1,4,0,93.11
5.71,48,1,2,1,54.38
5.47,64,0,1,1,34.34
8.1,94,0,3,1,57.55
8.69,92,0,2,1,57.02
8.29,76,1,3,0,83.81
8.03,86,0,2,0,63.91
8.52,91,0,4,1,61.12
6.89,73,0,1,3,21.02
7.86,81,0,1,1,43.81
8.48,92,1,5,0,98.28
7.43,83,0,3,2,42.91
7.23,81,1,3,1,73.61
6.85,51,0,0,1,31.27
6.36,69,0,0,1,34.96
6.05,73,0,1,0,44.08
6.6,50,0,1,1,29.1
8.19,85,1,5,0,92.16
9.57,91,1,5,0,99.0
5.44,58,0,0,3,6.44
9.72,86,1,4,0,92.82
7.32,73,0,2,1,46.52
9.08,89,1,5,0,99.0
5.83,55,0,1,3,12.91
5.92,55,0,1,2,18.22
9.75,93,1,4,0,96.03
5.03,43,0,1,3,5.51
7.77,75,0,1,2,36.69
8.06,77,0,2,1,49.31
9.9,98,0,4,0,78.05
5.47,44,0,2,2,23.34
9.75,96,1,4,0,96.92
5.87,41,0,0,3,2.84
8.22,76,0,3,1,55.57
9.75,87,1,4,0,95.22
7.53,73,1,3,1,71.25
9.05,86,1,5,0,99.0
8.87,92,1,5,0,96.64
5.18,58,0,1,3,7.53
7.16,73,0,3,1,47.96
8.94,76,1,3,0,85.09
6.58,74,0,1,2,29.23
6.71,69,0,2,2,29.19
6.07,63,0,2,2,28.14
7.22,67,1,3,0,78.37
6.56,71,0,0,3,13.26
5.72,43,1,2,1,50.92
8.67,92,1,5,1,85.94
9.49,94,0,3,0,76.42
6.46,72,1,2,0,72.21
9.38,89,1,5,0,99.0
8.2,76,0,3,1,51.5
6.96,73,1,1,2,51.26
9.1,98,1,4,0,94.25
6.85,73,0,2,3,22.88
7.67,77,1,3,0,78.94
8.04,94,0,4,0,74.34
9.01,88,0,3,0,71.94
8.26,77,1,3,0,84.01
5.82,56,0,2,1,36.17
9.73,90,1,4,0,95.06
9.55,86,1,5,0,99.0
6.58,53,0,1,2,21.93
7.46,82,1,4,0,88.71
9.92,85,0,4,0,77.22
8.21,85,1,4,1,80.23
9.93,92,1,4,0,96.36
5.29,41,0,2,3,10.81
6.14,75,1,2,2,53.99
9.52,85,1,4,0,92.82
8.23,94,0,4,1,61.0
5.01,41,0,1,1,21.84
9.95,85,0,4,0,74.32
5.13,55,0,2,3,10.45
9.12,85,1,5,0,96.42
9.21,94,1,5,0,98.44
9.81,99,1,5,0,99.0
8.21,90,1,5,1,86.73
9.95,96,1,4,0,98.62
9.18,89,0,4,0,71.83
5.28,50,0,1,2,17.48
5.93,40,0,0,1,19.75
7.57,84,0,1,0,53.7
8.03,87,1,3,0,89.2
7.33,76,1,3,1,73.45
8.17,86,1,4,0,87.39
5.3,52,1,1,1,49.15
9.21,99,1,5,0,99.0
5.44,42,0,0,2,10.64
8.43,80,1,3,1,78.5
5.9,45,0,0,3,6.15
7.53,81,0,3,0,60.66
5.98,47,0,2,2,22.03
5.3,54,0,1,2,20.75
8.94,88,1,5,1,90.69
9.76,86,0,3,0,68.96
8.86,84,1,3,1,77.21
9.68,100,1,4,0,99.0
7.98,84,0,2,2,43.13
9.96,98,1,4,0,99.0
9.87,94,0,3,0,74.74
8.82,87,1,3,0,86.97
5.87,40,0,2,3,7.55
8.99,78,1,5,1,82.87
7.64,81,0,3,1,50.04
6.5,70,0,2,3,23.75
9.89,98,1,5,0,99.0
8.81,80,0,2,0,59.84
5.46,49,0,1,2,15.81
5.72,49,0,0,1,24.72
8.2,77,1,5,1,81.8
7.59,71,1,2,2,58.86
5.02,60,0,1,2,22.57
7.27,81,0,3,0,61.75
6.45,63,0,0,2,22.47
7.34,85,1,3,0,83.19
9.37,97,1,4,0,99.0
8.15,75,1,4,0,89.03
7.73,81,0,2,0,58.36
9.63,96,1,4,0,99.0
6.63,65,0,0,2,19.7
5.61,57,0,0,3,8.73
9.58,93,1,4,0,97.43
8.1,89,1,4,0,93.05
5.89,46,0,2,2,23.41
5.49,64,0,1,3,13.41
9.9,92,1,5,0,99.0
8.5,88,0,4,1,60.15
9.3,93,1,4,0,93.45
5.49,46,0,2,3,10.02
9.79,99,1,4,0,96.96
6.56,52,0,0,3,9.56
8.86,80,1,3,0,90.01
6.79,62,0,1,3,15.37
8.61,77,1,3,0,83.23
9.74,93,1,5,0,98.99
6.66,56,0,1,1,37.11
8.79,78,1,5,0,91.16
7.17,75,1,4,0,81.59
6.99,74,0,1,0,52.67
5.69,58,0,2,3,14.31
9.13,87,1,4,0,97.06
6.25,72,0,0,3,11.47
5.6,42,0,2,2,18.2
5.2,40,0,0,1,17.2
9.19,86,1,5,0,97.97
5.05,41,0,1,2,16.98
7.87,74,0,1,1,45.75
5.21,48,0,0,3,0.0
9.36,86,1,5,0,95.56
8.28,86,0,3,0,69.78
6.49,55,0,1,2,21.22
5.18,64,0,2,3,17.33
9.8,96,1,5,0,99.0
7.71,79,0,3,1,50.69
6.43,71,0,0,3,12.8
6.54,64,0,0,1,35.09
7.12,72,1,4,1,72.52
8.98,85,0,4,0,69.93
7.34,79,0,3,2,42.39
8.74,80,0,2,0,60.59
9.61,89,1,5,0,99.0
9.76,87,1,4,0,98.26
8.37,87,0,4,1,63.39
7.52,79,0,1,2,32.02
9.61,86,1,4,0,96.44
9.43,93,1,5,0,97.91
8.22,87,1,5,1,81.87
7.41,66,0,1,2,30.73
6.06,74,1,2,2,53.41
5.92,51,0,2,1,33.02
9.04,90,1,5,0,95.64
5.92,42,0,0,2,13.32
9.68,100,1,4,0,97.88
8.78,79,0,4,1,61.43
8.58,88,1,3,1,81.43
5.78,65,0,2,1,37.73
6.95,68,0,2,3,19.73
8.52,82,1,3,0,85.42
5.29,41,0,1,2,17.81
8.15,91,1,5,1,87.83
6.8,54,1,1,2,44.0
9.39,98,1,5,0,99.0
9.9,95,1,4,0,98.15
8.03,83,1,5,1,81.0
6.4,65,1,2,0,69.9
6.62,65,1,2,2,50.67
6.57,72,1,2,2,52.59
6.12,69,0,2,2,28.12
9.36,93,1,5,0,99.0
9.77,98,1,5,0,99.0
8.61,85,0,4,1,60.63
7.79,68,1,4,1,75.67
9.02,94,0,4,0,73.77
9.07,86,1,4,0,96.55
5.25,42,0,0,3,0.0
9.32,87,1,4,0,96.72
5.35,58,0,1,2,22.12
8.24,83,0,2,0,59.74
5.59,41,0,0,3,0.86
6.33,57,1,3,1,58.25
7.93,79,0,2,1,52.45
9.17,97,1,4,0,99.0
8.79,89,1,5,0,95.47
8.82,75,1,4,1,78.37
7.37,71,0,3,0,57.09
7.7,74,0,3,2,39.15
6.5,59,0,0,2,18.45
7.99,75,0,2,2,35.47
8.97,90,1,3,0,91.39
9.7,86,1,4,0,95.75
6.6,71,0,1,3,20.4
6.58,74,1,3,1,65.23
6.64,62,0,1,0,42.84
7.04,70,0,1,1,40.64
7.22,82,1,3,1,73.87
9.45,93,1,5,0,99.0
6.11,74,0,1,1,35.58
9.85,93,1,4,0,95.38
5.09,52,1,1,2,34.42
7.64,81,1,4,1,74.04
6.95,61,0,2,0,49.62
8.03,80,0,3,1,54.1
7.28,69,1,3,0,77.18
8.54,94,1,3,1,80.09
7.13,78,1,4,1,77.36
7.18,76,0,3,2,39.93
6.58,54,0,1,1,31.23
6.69,65,0,0,2,23.92
9.12,99,1,4,0,95.62
8.66,93,1,3,1,83.21
6.25,75,1,2,2,51.38
7.51,69,1,2,1,63.98
5.85,50,0,2,1,31.47
7.58,69,0,3,1,48.23
9.23,95,1,4,0,97.81
5.36,56,0,0,2,12.56
6.63,54,0,0,0,39.41
8.02,86,1,4,1,78.87
8.09,91,1,5,1,86.61
7.06,84,1,2,1,66.91
7.66,84,1,3,1,73.01
9.37,93,1,4,0,98.69
9.3,90,1,5,0,96.55
7.75,71,0,2,0,59.42
8.12,80,1,3,0,86.42
6.07,57,1,3,2,51.34
6.46,65,1,2,0,73.11
8.89,81,0,2,1,50.42
7.39,73,0,1,2,31.77
9.06,90,1,5,0,96.71
7.57,81,0,1,1,41.8
6.41,64,0,0,3,13.64
8.2,91,1,5,0,95.0
9.68,90,1,4,0,93.88
8.98,93,0,2,1,59.33
5.06,45,0,1,3,7.21
7.61,67,1,2,1,66.73
7.92,65,0,2,0,53.22
8.93,93,0,4,0,74.16
8.07,89,0,3,0,65.94
5.25,47,0,1,3,7.48
9.91,85,1,5,0,97.19
8.4,76,1,3,0,82.2
6.99,71,0,2,1,40.77
8.22,91,1,5,0,95.07
6.29,59,0,0,3,9.72
7.55,85,0,3,2,40.92
9.69,98,1,4,0,99.0
9.88,89,1,4,0,96.28
5.26,58,0,0,3,3.81
9.47,100,1,4,0,99.0
8.28,83,1,3,0,85.88
6.99,50,0,1,3,15.47
6.59,74,0,2,2,33.27
8.01,91,0,3,0,64.33
9.07,96,0,3,0,75.55
7.47,81,0,2,0,58.45
9.02,91,1,5,0,99.0
6.98,64,0,1,1,39.63
8.34,75,1,3,1,74.69
8.86,93,0,3,1,62.91
9.72,99,1,4,0,98.72
7.41,67,1,3,2,61.03
6.09,59,0,2,1,38.02
5.06,61,0,1,2,22.01
6.0,52,0,0,1,26.6
9.61,99,1,4,0,99.0
9.2,94,1,5,0,99.0
9.21,85,1,4,0,92.73
9.12,98,1,4,0,97.32
6.37,75,0,1,0,46.8
9.29,95,1,4,0,96.02
9.18,90,0,4,0,74.13
7.18,79,0,3,1,48.83
5.38,56,0,2,2,26.63
7.72,85,1,2,2,63.52
7.03,85,0,2,2,37.11
9.1,100,1,4,0,95.85
5.12,45,1,1,3,27.42
9.45,87,1,4,0,94.17
9.24,97,1,5,0,99.0
7.78,75,0,2,0,58.73
6.82,52,0,2,1,39.47
6.74,65,0,2,0,52.09
7.7,82,1,2,1,68.55
8.62,93,0,4,0,72.07
8.19,83,0,3,1,55.56
5.33,62,0,0,3,8.26
7.94,82,1,2,2,57.39
6.0,62,0,1,3,15.6
9.01,93,1,5,0,98.44
7.9,80,0,3,2,40.65
8.37,90,0,2,1,52.3
7.14,73,0,2,1,41.89
8.07,95,1,3,0,85.75
7.08,76,1,4,1,72.58
7.5,75,1,4,0,83.75
5.35,61,0,2,2,23.02
6.44,65,0,1,0,43.04
7.59,68,0,3,0,56.97
6.72,69,0,1,1,39.22
7.35,77,1,4,0,86.83
6.88,72,0,1,1,40.68
8.14,93,1,3,0,88.39
8.45,86,1,4,0,91.38
7.8,84,1,3,0,85.5
5.12,52,0,0,3,5.52
8.82,86,0,2,0,64.67
5.54,48,0,2,3,9.79
5.61,44,0,1,1,29.84
8.93,80,1,3,0,88.25
9.48,97,1,4,0,99.0
7.73,69,0,3,2,36.75
5.3,62,0,0,2,19.15
9.04,98,1,5,0,99.0
7.99,68,0,2,1,43.37
8.2,93,0,4,0,73.6
7.12,67,0,3,1,49.02
5.96,51,0,1,2,17.16
9.56,90,0,3,0,74.46
9.91,96,0,3,0,77.48
9.14,95,0,3,0,72.49
7.49,67,1,2,2,51.31
6.83,68,0,2,0,52.31
6.53,60,0,0,3,11.86
9.96,92,1,5,0,99.0
9.17,100,1,4,0,99.0
9.11,99,1,4,0,96.58
5.97,40,0,0,3,0.0
9.19,86,0,4,0,73.97
6.03,56,1,3,0,66.91
7.72,83,1,4,0,85.92
5.29,43,0,0,3,0.0
8.52,88,0,2,0,67.22
6.45,52,1,2,0,63.17
7.03,73,0,2,0,55.51
8.95,94,0,3,0,71.52
6.25,63,0,0,3,9.77
5.55,53,0,2,3,16.32
9.34,86,0,3,0,68.49
8.2,75,0,3,1,54.2
5.46,60,0,1,2,24.11
5.45,50,0,2,3,13.08
5.9,59,0,1,2,22.35
5.53,45,0,0,2,13.86
6.47,57,0,0,2,21.74
9.88,91,1,5,0,98.88
5.87,58,0,1,1,31.94
9.9,88,1,4,0,94.05
9.97,100,1,5,0,99.0
9.46,91,1,5,0,97.41
8.53,79,1,5,1,86.56
7.84,76,1,3,0,80.24
6.11,62,0,1,3,11.98
7.85,74,0,2,0,60.67
7.73,71,0,2,2,37.35
5.91,52,0,1,3,11.28
6.34,67,0,0,3,9.29
7.94,83,0,1,0,55.69
5.96,40,0,0,2,15.86
8.13,87,0,2,1,50.56
8.56,79,0,4,0,70.66
5.27,49,0,1,1,29.14
8.17,80,1,5,0,93.59
5.43,42,0,2,1,32.6
9.04,87,1,4,0,96.74
5.51,50,0,0,3,3.28
7.24,65,0,2,1,40.84
7.3,74,1,4,1,74.75
8.04,93,1,5,1,83.04
6.11,67,0,1,3,14.48
5.18,42,0,1,1,25.73
7.2,82,1,4,0,84.8
9.98,88,1,5,0,99.0
8.72,92,1,4,1,87.12
5.61,43,0,2,3,11.54
8.8,90,1,3,0,92.8
8.49,82,1,3,1,75.31
5.13,45,0,1,3,7.45
8.5,91,1,5,0,98.05
8.7,79,1,3,0,88.15
8.25,94,0,4,1,61.08
8.61,75,0,2,0,62.63
9.4,87,1,5,0,99.0
8.76,94,0,2,1,53.86
9.12,97,1,4,0,98.02
6.88,51,0,2,1,37.38
6.62,64,0,2,1,43.37
6.8,58,0,2,0,51.2
5.83,61,0,0,2,20.7
9.2,94,1,4,0,94.4
6.58,75,0,0,2,28.53
6.38,58,1,1,1,55.73
5.42,52,0,1,3,6.57
5.16,65,0,1,2,18.56
5.48,47,0,0,2,15.28
7.63,73,1,3,0,78.61
7.41,70,0,2,2,33.94
9.55,88,1,5,0,99.0
6.63,64,0,2,3,21.41
9.52,99,1,5,0,99.0
5.14,58,0,2,1,33.39
6.37,62,0,0,2,18.9
9.33,96,1,5,0,99.0
5.61,40,0,2,3,7.64
6.33,65,0,0,1,34.66
8.98,81,1,4,1,83.73
6.92,52,0,2,3,14.82
8.03,83,1,3,0,88.0
8.7,76,1,5,1,82.25
5.05,57,0,0,2,11.77
6.69,51,0,2,2,25.72
8.92,85,1,5,0,95.72
8.39,77,0,2,1,51.47
6.32,61,0,2,2,26.42
6.93,75,0,0,3,14.75
9.7,94,0,4,0,76.15
9.2,96,0,3,0,75.0
9.86,96,1,5,0,99.0
9.62,88,1,4,0,96.07
8.32,78,1,4,1,77.52
9.36,87,1,5,0,95.86
5.56,52,0,2,2,26.06
6.55,71,1,2,1,60.22
9.66,85,1,4,0,97.31
6.34,53,1,2,2,47.09
5.66,53,0,0,3,4.71
7.23,73,0,2,0,54.2
6.29,68,1,3,1,61.42
5.6,41,0,1,3,7.9
8.48,78,1,5,0,91.08
6.34,72,0,1,1,34.79
6.46,67,1,2,1,57.71
8.14,87,1,5,0,92.59
9.77,87,1,5,0,99.0
5.99,59,0,0,1,29.66
5.46,61,0,0,2,19.41
9.49,97,1,4,0,95.31
9.68,89,1,4,0,96.58
8.46,95,1,3,0,88.11
5.41,62,0,0,3,8.54
9.07,93,1,4,0,97.65
8.13,78,1,4,1,76.86
6.43,64,0,0,0,44.7
9.32,89,1,5,0,99.0
5.12,51,0,2,1,30.22
7.45,83,0,2,0,57.97
5.65,49,0,2,3,10.48
6.69,58,0,1,2,22.81
7.53,69,0,2,0,52.05
5.97,54,0,1,1,30.09
7.21,69,0,2,0,51.94
8.58,95,0,2,1,55.53
8.78,82,1,4,0,88.33
7.06,77,0,3,1,51.81
8.15,82,0,3,0,67.12
7.06,65,0,3,1,43.21
5.94,44,0,1,3,9.99
9.58,93,1,4,0,99.0
7.95,70,1,2,0,76.83
5.03,59,0,1,2,17.3
6.54,54,0,1,0,44.09
5.15,44,0,2,3,6.23
6.35,59,0,0,1,29.92
9.99,100,1,5,0,99.0
6.71,58,0,0,0,40.89
7.63,75,0,2,0,55.2
5.4,52,0,0,3,5.5
9.7,96,1,4,0,98.75
5.48,53,0,1,1,30.08
8.76,78,1,5,1,81.06
8.68,84,1,4,1,80.58
6.19,63,0,0,2,23.56
7.53,67,0,3,1,47.45
8.2,82,1,4,1,80.3
6.69,60,0,1,2,24.42
9.98,98,1,5,0,99.0
9.52,98,1,5,0,99.0
5.01,62,0,1,2,20.14
7.98,76,1,4,2,64.73
9.94,96,1,5,0,99.0
5.23,58,0,1,2,20.7
8.28,75,1,4,0,87.48
8.54,76,1,5,0,89.69
8.57,92,0,3,0,72.59
8.22,82,0,3,1,52.37
5.67,49,1,1,2,41.55
9.33,95,0,3,0,73.16
9.0,91,1,5,0,97.8
6.37,56,0,1,1,34.09
8.6,77,0,3,1,55.2
5.7,58,0,0,3,10.35
5.98,57,0,1,1,31.03
5.41,51,0,1,3,7.23
7.85,77,0,2,1,48.58
6.77,73,0,0,3,12.59
7.85,71,0,3,0,62.77
9.64,98,0,4,0,80.14
6.05,68,0,0,3,14.58
5.94,62,0,0,2,22.39
5.55,44,0,0,1,20.62
5.1,60,0,0,1,22.85
9.75,91,0,3,0,71.42
7.57,70,0,1,2,31.5
5.54,61,0,1,1,29.69
7.77,78,0,3,0,62.59
5.33,51,0,2,1,31.95
6.69,59,0,1,3,15.12
7.94,69,1,4,2,67.49
7.27,85,1,2,2,61.94
7.27,78,1,2,2,59.84
5.41,46,0,2,2,19.73
8.1,90,1,3,1,79.35
6.31,54,0,1,0,43.29
7.01,66,0,1,0,46.34
8.87,86,0,3,0,68.84
9.32,91,0,3,0,74.92
5.52,62,0,0,3,9.92
9.19,88,1,5,0,96.56
5.92,58,0,2,2,26.12
5.8,46,0,0,2,14.1
9.95,91,1,5,0,99.0
5.88,57,0,0,1,27.68
5.02,60,0,2,3,16.57
7.03,76,1,3,0,81.41
5.58,53,0,2,1,30.43
6.38,73,0,2,2,30.23
6.28,61,0,0,0,43.28
8.7,92,1,5,0,95.05
5.9,50,0,2,1,34.65
9.5,91,1,5,0,99.0
8.34,79,0,4,1,61.89
6.06,58,0,1,2,19.61
7.48,73,1,2,0,78.08
9.26,92,1,5,0,99.0
6.97,71,0,0,3,17.69
9.38,97,1,4,0,99.0
6.51,63,0,1,0,42.69
6.04,68,0,1,2,25.54
6.23,59,0,2,3,18.5
5.84,63,1,1,1,53.34
6.73,50,0,2,2,26.55
7.74,77,0,2,0,59.19
7.09,71,0,2,2,31.11
5.08,55,0,1,1,27.28
8.08,82,0,2,0,59.88
8.2,91,0,3,0,71.0
9.28,99,0,4,0,79.18
6.76,71,0,2,2,35.96
7.77,79,0,3,2,40.89
9.54,98,1,5,0,99.0
5.72,59,0,1,2,24.72
7.92,82,0,1,1,47.32
8.47,93,1,5,1,85.55
9.49,100,1,5,0,99.0
8.88,81,1,4,0,92.38
9.8,92,1,5,0,99.0
7.65,67,0,3,1,51.88
6.5,65,0,1,0,49.25
8.5,81,1,3,1,74.05
8.69,79,1,4,1,79.12
6.38,58,0,0,1,29.73
6.94,73,0,2,2,31.19
5.45,50,0,1,3,5.08
6.45,69,0,1,2,29.27
7.68,84,1,3,0,85.08
6.62,53,0,2,2,27.07
5.73,49,0,2,2,20.76
6.53,55,0,2,1,39.36
9.4,99,1,4,0,98.6
9.03,86,1,4,0,90.41
8.1,90,0,3,0,64.35
8.84,79,1,3,1,76.64
8.32,79,0,2,1,49.82
9.11,95,1,4,0,95.38
5.53,50,0,2,1,33.36
9.0,93,1,5,0,96.4
7.92,71,0,1,2,35.02
8.21,80,1,3,1,72.73
7.53,73,1,2,0,77.25
9.16,92,1,5,0,98.66
7.71,80,0,1,2,35.98
8.47,78,1,3,1,73.05
7.0,82,1,4,1,73.1
6.92,53,0,1,2,26.12
8.77,84,1,5,0,98.89
9.15,91,1,5,0,99.0
9.97,89,1,5,0,99.0
7.58,71,1,4,1,72.83
8.77,83,1,5,0,93.59
9.57,96,1,5,0,99.0
9.49,95,1,5,0,99.0
6.5,71,0,0,0,42.05
8.55,77,1,4,1,82.03
6.68,71,0,0,1,35.68
6.04,70,0,1,0,49.14
5.01,65,0,2,2,25.03
9.45,99,1,5,0,99.0
5.97,62,0,2,1,34.5
6.43,52,0,2,2,28.11
5.87,46,0,1,2,16.34
5.7,41,0,2,3,12.25
8.11,80,0,2,0,61.38
7.44,82,1,4,1,75.64
9.74,94,0,4,0,76.29
9.63,94,1,5,0,99.0
5.79,58,0,0,3,10.66
7.94,84,1,4,1,78.99
8.11,77,1,4,0,85.48
7.71,70,1,4,1,71.98
9.14,90,1,5,0,99.0
7.67,75,1,2,2,55.34
6.93,59,1,3,2,55.95
7.0,80,0,1,1,41.5
9.7,92,1,4,0,94.55
9.78,90,1,5,0,99.0
6.28,68,0,2,3,18.38
6.16,57,0,1,3,11.66
7.58,76,1,3,2,61.33
9.72,98,0,4,0,79.42
7.33,81,0,3,1,50.95
6.21,65,0,1,0,45.23
5.98,57,1,2,1,58.03
7.94,81,1,4,0,90.09
9.15,88,1,4,0,97.42
7.54,84,1,2,2,60.59
9.45,91,1,5,0,98.38
9.63,87,1,4,0,95.81
9.97,94,0,4,0,76.09
5.39,51,0,0,3,1.16
6.37,64,0,0,0,41.5
5.75,64,0,1,3,11.33
9.1,85,0,4,0,76.35
7.81,75,1,2,0,79.83
7.85,76,1,3,1,72.28
9.29,95,1,5,0,99.0
9.66,93,1,4,0,96.71
6.18,63,0,0,2,19.53
9.03,97,1,5,0,99.0
7.03,77,0,3,0,62.71
9.45,89,1,5,0,99.0
9.89,85,1,4,0,97.12
6.82,58,0,2,1,38.27
8.18,82,1,3,1,78.23
9.14,97,1,5,0,99.0
7.27,65,0,2,2,34.95
6.76,60,0,0,1,29.66
7.69,70,1,2,2,55.91
9.08,98,1,4,0,95.18
5.7,53,0,0,3,4.85
6.02,57,0,1,1,35.17
6.18,54,0,0,3,10.83
6.67,66,1,1,0,69.15
6.05,58,1,3,1,61.58
7.33,75,1,2,2,59.16
6.88,64,0,1,1,36.28
9.56,85,1,5,0,99.0
7.43,77,1,2,1,66.11
7.41,66,1,2,2,52.73
8.28,90,1,4,1,81.98
6.34,56,1,1,2,39.99
9.1,89,1,4,0,93.55
9.01,99,0,4,0,78.23
9.77,87,1,5,0,99.0
9.07,95,0,4,0,75.25
5.16,45,0,0,1,24.56
9.09,85,0,3,0,71.31
8.22,84,0,2,0,63.97
6.6,54,0,2,3,14.3
7.05,83,1,4,2,65.57
8.48,87,1,5,1,83.78
7.36,72,0,3,1,50.36
6.93,59,1,1,0,62.95
7.82,67,0,3,0,61.47
8.07,84,0,3,0,62.44
6.34,57,1,3,1,62.29
8.65,84,0,2,0,64.47
7.96,75,0,2,2,41.36
6.7,59,1,1,3,38.15
9.8,88,0,3,0,75.7
8.57,82,0,4,0,68.59
7.26,84,1,2,1,69.61
9.93,87,1,5,0,98.86
9.07,90,1,4,0,97.75
7.26,85,1,2,0,81.91
7.91,70,1,3,2,57.69
8.55,84,0,3,0,70.12
8.93,85,1,3,1,75.75
7.35,74,0,1,1,38.92
7.28,73,0,2,1,46.38
5.16,45,0,2,1,29.56
9.53,95,1,4,0,96.85
9.47,91,1,4,0,98.45
9.16,91,1,4,0,97.36
6.85,65,0,2,0,51.47
8.37,85,1,4,1,77.8
9.89,87,1,5,0,99.0
6.3,55,0,1,3,11.55
7.38,73,1,3,1,70.73
8.31,76,1,3,1,71.89
8.96,78,1,4,1,82.76
6.63,74,0,2,1,46.41
5.09,54,0,2,2,20.02
8.57,78,1,4,1,81.4
8.89,95,1,4,0,94.62
8.33,80,1,3,1,74.16
9.48,90,0,3,0,69.18
6.84,55,0,1,2,21.44
7.75,72,0,1,0,52.72
9.97,91,1,4,0,99.0
5.58,53,0,0,3,3.43
9.58,88,1,5,0,99.0
6.61,56,0,1,0,46.94
5.16,58,0,2,2,23.46
7.17,73,1,2,1,64.0
6.27,70,0,1,1,38.95
6.48,52,0,1,2,24.28
5.16,45,0,2,3,9.56
7.46,83,0,2,0,61.01
8.83,78,0,4,1,61.31
7.86,84,1,2,0,78.71
8.44,80,1,5,0,90.54
7.96,72,1,3,1,72.46
9.89,99,1,5,0,99.0
9.19,92,1,5,0,99.0
8.37,94,0,3,1,61.5
5.87,52,0,0,3,4.14
6.86,75,0,2,1,45.51
9.85,95,1,4,0,96.97
8.79,87,1,5,0,99.0
7.7,68,0,3,1,48.35
5.02,47,0,2,3,12.67
5.84,61,0,0,3,7.74
6.89,64,0,1,1,39.31
6.77,55,0,1,2,22.19
7.26,85,0,2,2,40.91
6.75,59,0,0,3,14.33
9.4,98,1,4,0,96.3
5.51,42,0,2,3,9.88
5.7,47,0,2,1,35.05
5.11,55,0,2,2,24.39
6.03,52,0,2,0,47.7
6.46,64,1,2,1,62.81
9.94,100,1,5,0,99.0
8.6,92,1,4,0,92.7
5.41,52,0,0,2,13.54
5.19,48,0,2,2,21.56
6.23,71,0,2,1,44.1
6.7,59,1,3,3,41.15
9.79,90,1,5,0,99.0
7.58,74,0,2,0,53.73
7.04,84,1,2,0,76.84
5.77,50,0,2,2,20.2
9.02,97,1,5,0,97.67
8.88,83,1,5,0,98.98
6.57,56,0,1,2,26.8
9.77,99,1,5,0,99.0
8.14,79,1,4,0,88.19
7.02,77,0,1,1,38.67
5.72,65,0,1,3,15.52
5.82,44,0,1,2,19.57
5.44,43,0,1,1,28.94
5.23,43,0,0,3,2.2
9.13,89,1,5,0,97.66
8.38,75,1,4,0,85.83
8.27,91,1,3,1,81.25
7.23,68,1,4,0,84.71
9.53,92,0,4,0,74.95
6.76,53,0,1,2,22.56
5.51,50,0,0,1,22.28
6.02,55,0,2,2,22.57
5.55,61,0,2,1,33.72
6.05,50,0,2,2,22.17
9.43,88,1,4,0,93.41
9.72,98,1,5,0,99.0
8.26,88,1,3,1,75.31
6.3,70,0,2,3,22.05
8.56,80,1,5,0,91.96
5.27,62,0,2,3,14.05
6.83,64,0,1,3,15.11
5.06,46,1,2,1,50.51
6.35,55,0,1,0,40.73
5.08,59,0,1,2,19.48
7.91,82,0,3,1,53.28
8.75,90,0,2,0,66.62
8.15,95,1,5,0,98.03
8.44,89,1,3,0,89.24
6.73,62,0,0,2,25.16
8.23,82,1,3,0,82.41
5.96,44,0,2,3,15.06
8.27,76,1,4,0,86.75
9.84,100,1,4,0,98.44
9.32,95,0,3,0,73.12
6.79,67,0,0,0,40.87
7.21,84,0,2,0,61.44
8.96,95,0,2,0,66.86
6.39,57,1,2,0,70.47
8.5,86,0,4,0,73.55
6.34,60,1,3,3,39.19
6.14,65,0,0,2,17.99
7.48,76,0,3,0,57.98
5.26,41,0,1,2,16.71
6.99,51,0,0,3,9.77
8.23,83,1,4,0,91.7
6.63,52,0,2,3,13.81
5.11,42,0,0,1,23.48
8.05,76,0,2,0,61.98
9.56,100,1,5,0,99.0
5.5,60,0,2,3,16.25
8.09,88,1,4,1,78.72
7.6,68,0,2,1,47.0
7.72,75,0,1,0,55.52
9.12,98,1,4,0,99.0
5.18,47,0,2,2,23.23
5.5,55,0,1,3,10.75
5.1,60,0,1,3,7.85
5.84,47,0,2,1,29.54
5.73,51,0,0,2,12.36
9.65,89,1,5,0,97.48
6.54,51,0,1,0,43.19
9.32,98,1,5,0,99.0
9.44,92,1,4,0,94.64
9.57,89,1,5,0,98.2
7.01,76,0,3,2,38.34
9.45,85,1,5,0,99.0
5.05,60,0,0,1,24.67
6.27,63,1,3,0,75.84
6.44,50,0,0,2,14.54
9.95,92,1,5,0,99.0
6.58,69,0,2,3,20.73
5.47,62,0,0,2,15.74
7.9,69,0,3,1,47.35
8.14,87,0,3,0,63.59
9.41,98,1,4,0,96.34
6.58,55,0,2,3,16.53
7.71,71,0,1,2,30.28
6.96,54,0,0,0,40.56
5.99,55,0,2,3,16.47
9.44,100,1,5,0,99.0
5.85,56,0,1,2,19.27
7.67,65,1,2,2,53.34
7.93,83,0,3,1,51.66
7.26,74,0,2,0,54.61
7.71,79,0,2,0,61.69
8.08,79,0,4,1,57.98
9.29,90,1,4,0,93.52
6.12,70,0,2,3,20.42
9.64,100,0,4,0,80.74
5.69,65,0,0,1,26.42
8.08,94,0,2,0,64.48
8.79,75,1,4,0,87.27
9.98,96,1,4,0,98.73
7.52,85,0,2,2,42.82
5.33,45,1,2,1,50.16
8.99,84,1,3,0,86.66
6.0,54,0,0,0,38.2
7.36,81,0,2,1,48.06
5.65,40,0,2,1,31.78
5.64,45,0,1,3,5.24
7.83,69,1,2,2,57.11
6.35,71,0,2,2,30.52
5.92,49,0,1,2,17.42
9.16,100,1,4,0,99.0
9.65,86,1,5,0,96.58
8.54,92,1,5,1,87.49
6.12,60,0,0,0,38.42
5.15,49,1,1,3,28.73
8.05,81,0,4,0,65.47
7.71,84,0,2,0,63.19
7.14,82,1,4,2,64.59
6.53,52,0,1,1,34.45
9.44,99,1,5,0,99.0
6.29,54,0,2,2,26.22
8.45,78,0,2,0,62.98
7.89,70,0,3,1,49.61
7.85,68,1,2,2,57.88
5.72,51,0,0,2,12.32
7.04,67,1,3,1,65.74
9.79,96,1,5,0,99.0
8.23,81,1,3,0,83.11
5.18,48,0,1,3,7.53
8.84,84,0,2,0,62.14
6.15,72,0,0,0,46.12
5.95,45,0,0,2,11.33
8.53,93,1,3,1,76.75
8.61,76,0,2,0,59.94
8.6,92,0,4,0,73.7
6.67,51,0,2,3,18.65
5.28,53,0,1,1,30.38
6.56,67,0,2,1,41.06
5.76,47,0,2,1,31.26
6.04,68,0,0,2,24.54
8.0,83,0,3,0,67.9
7.09,73,0,3,2,39.71
5.39,63,0,0,2,17.77
5.98,48,0,2,1,31.33
5.97,60,1,2,2,49.89
9.22,95,1,4,0,97.77
7.69,80,0,3,1,51.91
9.86,85,1,4,0,94.01
8.82,87,1,5,0,94.97
6.4,66,1,1,1,53.2
9.01,88,1,4,0,93.94
8.45,76,1,4,1,78.38
9.29,89,0,3,0,71.22
8.35,89,1,3,0,88.92
9.5,90,1,5,0,99.0
5.41,41,1,2,1,51.23
5.26,48,0,1,3,9.81
8.66,95,1,3,1,83.81
9.93,88,1,5,0,99.0
7.75,75,1,3,0,80.62
5.73,61,0,0,3,8.36
6.73,68,0,2,0,49.95
5.19,48,1,3,3,32.56
5.87,48,0,0,2,15.94
8.99,95,1,5,1,86.97
6.38,58,0,1,1,34.73
7.9,85,0,1,1,49.15
7.88,67,1,2,2,54.68
9.64,90,1,4,0,97.74
5.53,63,1,2,2,45.25
9.18,97,1,5,0,99.0
9.11,90,1,4,0,91.88
6.66,75,1,2,0,71.81
8.51,90,0,4,0,69.78
9.43,98,0,3,0,77.41
7.82,77,0,3,1,54.47
7.9,66,0,3,2,40.45
8.74,95,0,4,0,76.09
7.3,80,0,3,0,58.55
5.16,56,0,2,1,33.86
7.16,79,1,2,2,56.76
6.82,63,1,2,2,50.77
5.76,52,0,1,3,7.76
8.35,84,1,4,0,89.42
7.48,66,1,3,2,55.98
5.79,54,0,0,3,4.47
8.2,95,0,2,0,66.2
6.8,52,0,2,2,25.4
5.16,44,0,1,1,28.26
9.14,87,1,5,0,95.09
9.94,95,1,4,0,97.29
7.45,69,0,3,1,49.77
8.37,75,0,2,1,50.8
5.43,62,0,2,2,24.61
9.08,89,0,3,0,67.48
7.89,79,1,2,2,60.31
6.11,63,0,0,2,20.28
5.76,46,1,3,1,54.96
5.8,59,0,2,2,24.0
5.44,49,0,1,1,25.74
6.41,66,0,0,2,21.23
5.73,56,0,1,3,10.86
6.67,55,1,1,2,40.84
6.29,61,0,2,2,30.31
7.75,83,1,2,2,63.03
8.5,95,0,4,1,64.25
9.84,87,1,4,0,95.54
5.24,50,1,1,2,39.34
8.86,95,0,2,1,58.51
7.24,84,0,3,1,51.54
8.01,89,1,3,0,89.73
7.0,79,1,3,0,78.2
6.03,66,0,0,2,22.91
6.67,73,0,1,1,41.25
6.81,50,0,2,2,26.83
6.06,60,0,0,1,31.21
7.98,84,1,2,0,78.13
7.41,66,1,4,0,82.73
8.51,91,0,3,0,70.09
8.52,86,1,5,0,97.62
6.91,68,0,1,0,51.59
6.66,70,0,2,3,23.31
7.85,71,0,3,2,40.77
7.86,81,0,1,0,57.81
7.11,69,0,3,1,44.59
6.66,64,0,2,0,51.51
6.0,51,0,1,2,17.3
9.87,98,0,4,0,79.94
6.65,73,0,2,0,54.17
9.86,97,1,5,0,99.0
8.09,84,1,5,1,82.52
7.01,69,1,3,2,55.23
7.31,69,0,1,0,53.28
8.66,75,0,3,0,66.81
8.12,82,1,3,0,88.02
8.32,85,1,4,1,77.62
8.57,79,1,4,1,79.7
9.17,98,1,4,0,99.0
7.79,84,0,2,0,57.47
6.93,64,0,1,1,40.45
6.24,75,0,2,0,52.34
5.59,47,0,1,2,17.66
6.81,52,0,1,0,46.44
7.59,82,1,3,2,64.16
5.02,57,0,0,2,17.67
5.74,43,0,1,3,5.99
8.35,79,1,5,1,81.92
6.42,62,0,2,2,31.07
6.76,63,0,2,3,20.56
9.86,93,0,3,0,77.41
9.97,94,0,4,0,76.09
7.84,66,1,2,2,58.24
9.11,92,1,4,0,96.48
6.2,55,0,0,2,19.2
8.52,79,0,4,1,57.52
7.85,85,0,2,0,62.97
7.77,80,1,3,1,75.19
9.39,96,1,4,0,96.66
6.34,71,0,0,2,20.49
6.68,70,0,2,2,34.38
5.42,53,1,1,2,39.87
6.01,65,0,2,1,38.53
7.56,83,0,3,2,45.36
6.3,65,0,2,3,21.55
8.23,76,0,4,1,56.61
6.27,54,0,0,2,21.15
8.76,89,1,3,1,82.36
5.91,47,0,1,3,5.78
6.56,68,1,1,1,55.36
8.3,82,1,5,0,91.65
7.7,84,1,4,1,77.15
9.85,92,1,5,0,99.0
6.01,52,0,0,3,4.64
9.12,86,1,4,0,94.72
6.13,67,0,1,2,24.55
5.43,63,0,0,2,17.91
8.8,75,0,4,1,57.3
9.45,91,1,4,0,98.38
7.27,67,1,2,0,70.55
9.2,86,1,4,0,97.0
8.48,78,0,3,1,53.08
7.64,76,0,2,1,48.54
6.96,71,0,2,3,26.66
7.96,74,0,2,1,50.06
6.18,55,0,0,2,15.13
6.93,72,0,1,0,48.85
7.17,65,1,4,1,68.59
6.02,73,1,3,0,76.97
9.63,98,1,4,0,99.0
6.97,52,0,0,2,18.0
7.31,79,0,2,2,35.29
6.87,73,0,2,1,43.95
8.26,83,0,3,1,57.81
8.38,84,1,4,1,81.53
8.06,75,0,4,0,69.71
9.81,96,0,4,0,81.13
8.83,79,0,4,1,58.61
7.43,75,0,1,2,31.5
5.22,57,0,0,3,4.37
5.86,64,0,0,3,9.71
8.7,76,0,3,0,67.25
7.25,79,0,2,2,34.08
8.23,84,1,4,0,93.0
5.22,55,0,0,1,21.77
5.84,50,0,2,3,11.44
5.03,59,0,1,1,32.3
7.75,70,0,2,1,47.12
7.71,71,1,2,1,64.28
7.54,70,1,3,2,56.39
8.76,89,0,3,1,60.36
8.36,85,1,3,1,79.76
6.81,55,1,2,3,41.33
8.1,77,0,2,0,61.45
9.88,100,1,5,0,99.0
9.39,94,1,4,0,94.06
7.79,79,0,2,1,45.97
7.81,76,0,2,2,37.13
8.06,89,0,4,0,71.91
5.38,45,0,2,1,33.33
9.77,85,1,5,0,99.0
8.59,87,1,4,1,84.16
7.88,66,1,4,0,81.38
5.68,54,0,1,1,27.08
8.77,77,1,3,1,75.8
8.72,95,1,4,0,98.02
8.52,76,1,3,1,71.62
8.81,86,1,3,1,76.64
6.08,60,0,1,0,41.28
9.52,90,1,4,0,93.32
8.22,94,0,4,0,74.97
9.65,94,1,4,0,98.98
5.95,62,0,2,1,35.42
9.15,95,1,5,0,98.53
9.27,99,1,4,0,99.0
5.48,49,0,2,2,24.88
7.3,69,1,2,2,54.25
6.84,69,0,2,2,35.64
5.6,57,0,2,3,16.7
6.29,59,0,1,2,20.72
5.48,42,0,0,3,4.78
7.94,81,0,3,2,45.09
8.41,77,1,4,1,78.53
9.51,95,1,4,0,99.0
8.26,80,1,5,1,84.91
6.34,60,0,0,3,12.19
7.92,79,1,4,0,90.42
5.3,50,0,1,1,29.55
7.73,65,0,3,0,57.55
7.58,76,1,2,2,59.33
9.87,94,1,4,0,95.74
5.53,61,0,1,1,29.66
8.57,80,1,5,0,96.0
5.48,63,0,2,1,36.08
7.7,65,0,2,0,51.45
7.81,71,0,3,2,40.63
7.87,72,1,3,1,73.14
6.49,68,0,2,1,39.12
5.41,59,0,0,2,17.64
6.06,62,0,1,1,30.81
5.74,41,0,2,2,21.39
7.61,75,0,1,0,56.14
9.74,96,0,4,0,75.89
9.66,91,1,4,0,95.11
9.38,93,1,5,0,98.73
9.18,86,1,5,0,94.93
8.25,95,0,4,1,64.38
9.74,97,0,3,0,72.19
7.44,78,1,4,1,76.44
7.07,81,1,2,1,67.05
5.32,56,0,2,3,16.42
9.52,99,1,5,0,99.0
9.32,87,1,5,0,95.72
8.2,86,1,5,1,82.5
5.64,53,0,2,1,34.64
9.15,96,1,4,0,96.82
6.96,72,0,1,3,18.96
6.86,54,0,0,0,43.21
8.41,90,0,2,1,56.44
5.57,49,0,0,2,12.2
9.14,98,1,4,0,97.39
8.39,83,1,4,1,80.27
5.62,44,0,1,3,4.87
9.01,96,1,5,0,98.33
9.52,91,1,4,0,94.62
7.94,80,0,2,0,59.79
6.13,66,1,3,3,46.25
7.63,85,1,2,1,70.2
6.71,62,0,2,1,37.09
8.37,82,1,4,0,88.89
6.1,73,1,2,2,52.25
5.4,56,0,2,1,31.7
7.18,70,1,4,1,72.13
6.24,59,0,2,3,18.54
7.89,79,0,3,0,64.31
9.51,88,1,4,0,97.69
8.17,80,0,4,0,69.59
9.89,99,1,4,0,98.31
7.61,70,0,1,1,38.64
9.69,85,0,3,0,71.41
9.62,88,1,5,0,97.07
8.29,95,1,4,1,85.52
6.64,52,0,0,2,20.84
6.8,67,0,0,0,45.9
9.49,98,1,4,0,96.62
6.13,62,1,3,3,44.06
8.02,82,1,4,1,80.67
7.48,78,0,1,0,50.58
5.63,49,0,0,3,6.41
7.82,76,0,2,0,58.17
5.15,60,0,1,2,22.03
6.57,72,0,2,0,52.59
5.02,41,0,0,1,16.87
7.35,68,0,2,1,44.12
7.19,84,0,2,0,58.37
6.07,52,0,2,2,25.84
5.66,62,0,2,3,14.41
9.28,98,0,3,0,73.88
5.06,49,0,2,2,18.41
8.97,85,0,4,0,72.89
7.54,71,0,1,0,51.69
7.36,85,0,1,2,35.26
8.89,82,1,3,1,79.72
8.57,94,1,3,1,80.19
8.33,92,0,3,1,59.75
5.8,54,0,0,2,17.5
9.86,94,1,4,0,99.0
8.54,80,1,4,0,87.89
5.13,62,0,0,3,9.56
9.39,96,1,5,0,99.0
7.28,75,0,3,2,40.98
5.22,45,0,1,1,25.77
5.3,48,0,1,3,4.95
6.41,56,0,0,0,37.23
7.84,82,1,3,2,67.04
9.38,92,1,4,0,96.43
9.61,86,1,4,0,97.44
5.49,47,0,1,2,14.31
9.42,100,1,5,0,99.0
5.2,59,0,2,2,21.9
6.22,50,1,2,3,31.77
8.7,78,1,3,0,84.85
9.0,99,1,4,0,94.2
9.49,95,1,5,0,99.0
8.9,79,0,3,1,57.85
8.1,88,0,4,0,69.75
8.53,95,1,3,0,91.36
9.29,96,1,4,0,97.31
7.34,85,0,3,1,52.19
7.17,73,0,2,1,43.99
6.89,57,1,1,1,58.22
9.18,86,1,4,0,94.93
9.33,88,1,5,0,99.0
7.39,80,0,1,0,55.86
9.67,87,1,5,0,99.0
9.36,100,1,4,0,96.76
7.13,81,0,2,2,38.25
5.82,44,0,2,2,23.57
8.06,80,0,4,0,66.21
8.74,84,0,4,1,62.79
5.97,41,0,2,1,33.2
8.59,82,0,3,1,59.66
9.99,97,1,5,0,99.0
7.27,69,0,2,0,56.14
10.0,95,1,5,0,99.0
5.3,49,0,2,2,20.25
5.47,46,0,2,3,7.94
7.51,66,0,3,2,39.09
5.0,63,0,1,2,23.4
7.28,81,0,2,1,45.78
9.86,90,1,5,0,98.51
8.13,80,1,4,1,81.45
9.97,100,0,3,0,78.9
7.93,73,0,2,2,38.66
8.94,85,1,3,1,78.79
5.52,60,0,2,3,16.32
8.04,91,1,5,0,98.44
6.19,53,0,0,0,34.56
5.53,42,0,2,2,18.95
5.59,57,0,0,2,13.66
7.59,85,0,2,1,51.06
8.11,86,0,2,0,63.19
8.42,76,1,4,0,91.27
9.7,85,0,4,0,75.45
5.89,52,1,3,1,59.22
6.82,50,0,1,1,32.87
9.53,90,1,4,0,98.35
7.27,76,0,2,1,43.25
9.49,89,1,4,0,95.92
9.12,89,1,4,0,92.62
9.05,85,1,5,0,99.0
7.23,81,1,2,2,54.61
6.74,62,0,0,2,23.19
6.01,70,0,0,2,22.03
5.71,43,0,1,2,19.88
9.41,85,1,4,0,92.44
6.87,52,1,3,2,48.65
6.93,70,0,0,2,22.25
7.04,65,0,1,2,26.14
8.6,79,0,2,1,50.8
8.9,87,1,3,1,77.25
6.96,72,0,1,2,28.96
6.7,57,0,0,3,10.55
9.06,93,1,4,0,93.61
5.81,47,0,2,3,14.43
9.13,94,1,4,0,96.16
9.21,89,1,5,0,99.0
8.8,87,1,5,1,84.9
5.53,42,0,1,3,7.95
7.42,69,0,3,2,37.67
9.78,93,0,3,0,72.13
9.47,96,1,5,0,99.0
5.69,59,0,0,2,18.62
6.5,65,0,2,0,49.25
8.86,94,0,2,1,59.21
9.14,99,1,5,0,98.69
9.9,88,1,5,0,99.0
5.19,49,0,2,3,12.86
5.44,64,0,1,3,12.24
5.33,64,1,3,3,42.86
8.56,77,0,3,1,55.06
5.8,55,0,0,3,4.8
7.12,84,1,3,1,71.12
8.91,89,1,4,0,96.89
9.52,98,1,4,0,95.72
7.8,69,0,2,1,46.0
7.29,72,0,3,1,51.11
6.22,58,0,0,2,21.17
6.47,69,0,2,2,34.34
8.74,78,0,4,1,59.99
6.68,62,0,0,2,18.98
8.47,75,1,5,1,85.15
9.48,86,1,5,0,99.0
6.33,57,0,0,1,29.25
5.11,59,0,1,3,6.59
7.76,83,0,1,2,39.06
6.81,51,0,0,3,11.13
8.11,94,1,5,1,84.58
6.74,70,0,2,1,43.59
9.51,93,1,5,0,99.0
5.13,40,0,0,1,18.96
6.76,61,0,2,0,52.96
8.07,80,1,5,0,95.25
5.86,49,0,0,1,28.21
8.87,78,0,4,0,71.44
6.06,70,0,0,3,13.21
9.24,92,1,5,0,98.94
9.88,99,1,5,0,99.0
8.49,92,0,2,0,63.31
5.02,63,0,0,2,15.47
6.37,65,0,0,3,10.8
5.32,42,0,0,3,0.22
8.94,90,1,5,0,99.0
6.52,75,0,0,2,28.32
9.18,92,1,5,0,98.73
8.19,82,1,5,1,84.27
8.01,82,1,4,1,76.63
9.74,90,1,5,0,99.0
9.63,98,1,5,0,99.0
5.35,61,1,1,1,50.02
8.8,93,1,3,1,79.7
5.84,59,0,2,1,38.14
7.99,71,0,3,1,49.27
6.33,75,1,2,1,60.66
9.17,85,1,4,0,91.59
5.59,57,0,0,1,23.66
8.27,92,0,4,1,60.55
5.24,46,0,2,2,19.14
6.91,71,1,3,1,67.48
7.17,75,1,2,2,52.59
8.24,78,1,4,0,88.24
7.97,84,1,4,1,76.09
9.13,86,1,5,0,95.75
8.2,94,0,2,0,65.9
8.43,78,0,3,1,57.91
9.6,89,1,4,0,94.3
5.23,41,0,1,1,25.6
6.11,53,0,0,2,18.28
9.2,89,1,4,0,92.9
5.05,57,0,1,3,5.77
6.32,69,0,2,2,32.82
8.69,82,0,2,1,56.02
9.05,87,1,5,0,97.78
6.28,75,1,2,3,41.48
8.66,95,1,4,1,87.81
9.47,88,1,5,0,98.55
6.31,52,0,2,3,15.69
7.04,73,1,2,1,66.54
7.76,72,0,1,1,42.76
9.33,97,1,4,0,99.0
5.96,59,0,0,3,11.56
6.44,70,0,2,0,48.54
9.31,99,1,5,0,99.0
8.01,90,1,4,1,83.03
5.59,49,0,0,3,2.27
7.8,75,0,2,1,45.8
7.57,76,1,3,0,80.3
9.44,95,1,4,0,99.0
7.4,76,1,4,0,87.7
6.24,53,0,2,3,12.74
9.28,96,0,4,0,76.28
7.96,66,1,3,0,77.66
9.31,98,1,4,0,98.98
7.59,81,1,3,1,74.87
9.65,94,0,4,0,80.98
9.77,95,0,4,0,81.69
9.34,86,1,4,0,91.49
8.64,81,0,2,1,54.54
7.76,65,0,1,2,32.66
5.17,54,0,1,2,21.3
6.65,73,0,2,1,46.17
8.63,92,1,4,0,96.81
5.73,59,0,0,3,7.76
9.8,94,1,4,0,98.5
7.7,82,1,3,2,60.55
7.09,71,0,2,2,35.11
7.8,67,1,4,0,83.4
6.8,62,0,2,2,33.4
8.87,81,0,3,1,57.34
8.72,89,1,4,0,93.22
9.37,86,0,4,0,75.59
5.81,41,0,2,2,19.63
7.53,65,1,3,2,56.86
5.25,42,0,0,3,0.0
9.5,93,1,4,0,99.0
7.02,65,0,2,0,52.07
8.37,85,1,3,0,87.8
7.47,69,0,3,0,59.84
8.37,84,1,4,1,80.5
5.71,43,0,0,2,12.88
7.71,66,1,2,2,53.78
9.36,98,1,5,0,99.0
8.5,95,0,4,1,63.25
9.33,95,1,4,0,96.16
8.77,92,0,2,0,68.3
7.55,72,0,3,2,42.02
7.99,65,0,2,1,46.47
5.52,57,0,1,2,22.42
8.49,88,1,4,0,93.11
7.11,65,1,4,1,69.39
7.08,83,0,3,2,41.68
5.65,55,0,1,3,9.28
7.9,84,0,1,1,46.85
7.45,77,1,3,0,82.17
7.76,80,1,2,2,59.16
6.25,69,0,2,1,38.58
6.53,50,0,2,2,27.86
7.9,76,1,2,1,71.45
7.49,66,0,3,2,38.02
6.43,51,0,2,2,28.8
7.02,79,0,1,2,31.27
7.1,66,0,1,1,39.65
9.27,96,0,3,0,71.25
5.0,47,0,0,3,1.6
8.18,85,1,5,1,86.13
9.5,92,1,4,0,98.85
6.65,53,0,1,3,12.18
9.44,89,0,4,0,72.74
8.15,88,0,4,1,61.92
7.17,79,0,3,1,49.8
5.28,53,1,3,2,43.38
6.13,54,0,1,0,38.66
9.0,90,1,4,0,92.5
7.59,76,0,1,1,43.37
7.78,84,1,3,1,72.43
8.44,92,1,3,1,81.14
8.09,78,0,3,1,51.72
8.27,80,0,2,1,48.95
6.59,63,1,2,1,60.97
5.79,42,0,0,3,2.86
9.73,92,1,4,0,98.66
8.84,86,1,5,0,99.0
5.02,54,0,0,2,15.77
9.91,93,1,5,0,99.0
8.18,76,1,5,0,88.43
6.04,53,0,1,3,13.04
5.75,64,0,1,2,23.33
8.84,82,1,4,1,82.54
6.4,69,0,0,0,45.1
7.3,85,1,2,0,78.05
8.47,89,1,4,0,95.34
9.7,87,1,4,0,95.05
8.34,75,0,2,0,60.69
9.54,97,1,5,0,99.0
5.63,47,0,0,1,24.8
6.83,66,0,2,0,50.7
5.89,48,0,1,3,6.02
5.11,54,0,0,3,7.09
9.62,86,1,5,0,98.47
8.8,77,0,4,0,70.9
5.38,43,0,0,1,20.73
8.13,81,0,4,0,65.75
6.83,50,0,2,2,28.91
5.32,44,0,0,3,0.82
5.11,45,0,2,2,21.39
8.68,81,1,4,0,93.68
7.95,73,1,4,1,76.72
5.17,61,0,1,2,18.39
5.37,53,0,2,1,29.7
8.5,79,1,5,1,80.45
9.5,97,1,4,0,95.35
8.15,88,0,4,0,72.92
5.03,48,1,2,3,30.0
6.83,70,0,1,0,45.91
5.44,42,0,2,2,22.64
7.33,77,1,3,1,67.75
5.0,58,0,1,2,21.9
7.5,69,1,2,2,56.95
8.71,81,0,2,0,64.78
8.02,85,1,4,1,80.57
7.09,83,0,1,1,45.71
5.47,46,0,2,3,8.94
8.68,92,1,5,1,90.98
8.23,82,0,2,0,61.41
8.0,77,0,3,0,63.1
8.25,78,1,5,1,79.28
7.54,74,1,4,2,67.59
5.57,52,0,1,2,18.09
5.34,54,0,2,1,34.89
5.32,41,0,2,1,25.92
8.59,75,0,4,1,60.56
8.63,92,1,3,0,91.81
5.11,57,0,2,3,11.98
6.12,65,0,1,2,27.92
6.02,75,0,1,1,34.57
7.28,65,1,4,0,79.98
8.14,75,1,4,1,74.99
8.77,88,0,4,1,62.09
5.9,54,0,0,1,28.85
9.51,94,1,5,0,99.0
7.47,76,1,3,1,70.94
6.81,60,1,2,2,52.83
9.56,89,0,4,0,74.16
9.16,95,1,5,0,98.56
8.98,84,0,3,0,67.63
8.52,92,0,3,1,60.42
5.49,63,0,1,2,22.11
9.92,97,1,4,0,96.82
6.24,50,1,3,1,61.84
5.9,59,0,1,3,11.35
5.59,41,0,2,1,27.86
9.25,100,1,4,0,99.0
7.46,70,1,3,1,67.11
9.87,90,0,3,0,70.54
9.94,86,1,4,0,98.59
5.45,55,0,2,3,14.58
5.94,56,0,2,3,12.59
6.51,53,0,0,3,11.69
6.89,70,0,0,3,18.11
7.3,70,0,1,2,32.55
5.47,47,0,2,1,29.24
6.63,58,1,2,0,68.61
9.78,100,1,4,0,99.0
6.87,74,0,1,3,23.25
6.31,73,1,1,2,45.98
9.25,99,1,5,0,99.0
7.36,66,0,3,1,44.56
7.7,71,1,3,1,67.25
9.36,92,1,4,0,98.36
6.37,61,1,1,1,52.59
6.74,74,0,2,0,50.79
5.77,40,0,2,3,13.2
5.76,63,0,0,2,21.06
5.1,60,0,0,2,16.85
5.16,51,0,0,2,13.36
5.47,57,0,0,3,7.24
8.77,89,1,4,0,93.39
5.48,54,0,1,3,7.38
5.13,48,1,1,2,36.36
9.3,86,1,4,0,92.35
7.2,82,1,4,2,67.8
9.58,100,1,5,0,99.0
7.37,68,0,1,0,51.2
5.46,53,1,3,1,54.01
8.72,93,0,3,0,73.42
8.53,87,0,4,0,72.95
6.54,54,1,1,0,66.09
7.2,65,1,3,0,74.7
5.54,52,0,2,3,10.99
5.72,47,0,2,2,21.12
7.46,79,0,3,1,48.81
7.43,74,0,3,1,47.2
5.94,47,0,0,1,27.89
5.86,40,0,2,3,8.51
8.25,84,1,4,0,93.08
9.54,86,1,4,0,96.19
6.51,65,1,2,0,67.28
5.39,65,0,0,3,5.36
6.52,65,0,2,2,31.32
9.79,93,1,4,0,99.0
8.13,88,0,3,1,56.86
5.87,64,0,1,1,32.74
6.85,74,0,2,2,36.17
8.47,88,1,3,0,88.05
9.31,95,1,5,0,99.0
5.31,61,0,0,2,18.88
8.25,95,0,3,1,59.38
5.36,44,0,2,1,29.96
9.85,100,1,5,0,99.0
7.2,85,0,1,1,46.7
8.14,88,1,5,1,83.89
6.75,53,0,2,3,14.52
8.58,85,0,3,1,59.53
6.15,63,0,1,0,46.42
8.59,76,0,3,1,57.86
7.42,72,1,3,1,68.57
8.73,81,0,4,0,70.86
5.3,46,0,0,2,13.35
9.25,98,1,5,0,99.0
8.1,95,0,4,1,65.85
8.04,87,0,3,1,53.24
5.81,57,0,0,2,20.43
5.06,44,0,2,3,6.91
8.82,81,1,3,1,77.17
7.29,72,0,1,0,50.11
6.17,75,0,1,2,31.09
5.59,51,0,2,3,9.86
5.68,41,0,0,1,23.18
9.2,90,1,5,0,99.0
8.62,77,1,3,1,76.27
6.68,57,1,2,0,66.48
6.21,64,0,2,3,16.94
5.12,40,0,0,1,18.92
7.51,71,1,2,1,62.58
7.25,72,0,2,0,53.97
9.7,85,1,5,0,97.45
8.86,86,1,5,1,84.81
7.7,71,0,3,1,53.25
7.62,67,1,2,1,64.77
8.89,92,1,5,1,89.72
7.87,80,1,2,1,71.55
7.7,77,0,2,2,36.05
8.7,92,0,2,1,55.05
7.55,82,0,1,2,35.02
8.73,87,1,3,1,80.66
9.58,99,1,4,0,96.23
5.8,40,0,2,1,28.3
9.36,98,1,5,0,99.0
7.65,77,0,3,0,61.88
8.5,82,1,4,0,92.35
6.88,67,0,2,0,53.18
6.67,51,0,1,0,45.65
6.06,55,0,1,1,33.71
7.63,80,0,3,1,49.7
7.45,77,1,2,0,76.17
8.77,85,1,4,1,83.19
9.58,85,1,4,0,93.03
6.6,70,0,1,1,36.1
9.5,96,1,5,0,99.0
9.52,99,1,4,0,99.0
5.21,65,0,2,1,34.73
5.3,57,0,1,2,18.65
7.58,78,0,3,0,63.93
8.1,83,0,2,0,63.25
5.5,58,0,1,1,30.65
7.17,67,1,3,0,79.19
9.59,100,0,3,0,76.56
8.08,85,0,2,1,54.78
5.2,40,0,0,2,9.2
8.39,75,0,3,0,64.87
6.41,74,0,1,2,29.64
9.4,97,1,5,0,99.0
9.34,86,1,4,0,91.49
8.73,90,1,3,0,86.56
7.76,77,1,4,0,88.26
9.29,88,1,4,0,91.91
6.33,63,0,2,1,37.05
8.09,94,0,2,1,55.52
7.51,78,0,3,1,50.69
9.61,96,1,4,0,99.0
7.58,70,0,2,0,54.53
6.19,61,0,1,1,34.97
9.92,88,1,4,0,99.0
8.18,88,1,5,0,92.03
7.0,77,1,3,0,81.6
8.35,85,0,4,0,68.72
9.97,99,1,5,0,99.0
9.18,89,1,4,0,94.83
5.9,46,0,2,3,15.45
9.88,85,1,4,0,93.08
9.23,87,1,5,0,99.0
6.38,74,0,2,2,30.53
5.44,46,1,3,3,34.84
8.15,94,1,4,0,91.72
5.91,45,0,0,2,17.19
5.43,61,0,2,2,24.3
7.62,66,0,3,0,56.47
6.34,64,1,3,2,54.39
9.54,100,0,3,0,73.39
7.43,66,1,2,1,60.81
6.27,75,0,2,2,35.45
8.69,94,0,2,1,59.61
7.4,66,0,3,2,36.7
8.53,93,1,4,1,85.75
6.81,54,0,1,2,24.03
6.55,55,0,0,2,17.42
8.46,78,1,5,0,96.01
8.92,82,1,5,1,88.82
7.88,68,1,2,2,56.98
9.38,93,0,3,0,69.73
5.78,51,0,2,1,32.53
6.31,51,0,2,3,15.39
9.06,90,1,5,0,99.0
8.31,85,1,4,1,81.59
9.95,88,1,5,0,99.0
7.07,77,1,3,2,58.84
9.44,89,1,4,0,93.74
5.34,52,0,1,2,21.29
6.58,71,0,1,2,27.33
5.89,59,0,2,3,16.31
8.56,92,0,4,1,66.56
6.21,58,0,1,2,23.13
7.68,83,0,2,1,48.78
7.11,65,0,2,2,34.39
6.47,55,0,0,3,12.14
5.1,46,1,3,1,50.65
8.62,81,1,5,0,93.47
5.46,46,0,2,2,23.91
9.36,91,1,4,0,99.0
6.08,67,0,1,3,13.38
7.27,68,0,2,1,43.84
7.28,67,1,4,0,80.58
6.42,50,0,2,1,34.47
7.46,70,0,2,2,36.11
6.85,61,1,3,1,62.28
6.11,63,0,1,3,15.28
8.55,88,0,2,0,66.33
5.58,65,0,1,2,24.03
7.03,77,1,2,2,57.71
5.41,48,0,2,3,11.34
6.91,63,1,2,2,52.09
6.38,73,0,2,0,49.23
8.25,86,0,3,0,67.67
7.19,70,1,2,0,75.17
5.88,53,0,2,1,36.48
6.06,68,0,0,3,8.61
7.78,66,1,4,1,71.03
7.14,71,1,2,0,77.29
8.5,78,0,2,1,51.15
9.2,89,1,5,0,95.9
5.29,58,0,2,1,32.91
6.15,74,1,2,0,73.72
8.94,84,0,3,1,59.49
6.53,56,1,2,0,64.66
7.5,80,0,1,0,51.25
9.68,100,0,3,0,77.88
8.85,79,1,3,0,87.68
9.56,89,1,5,0,99.0
5.59,46,1,1,3,29.36
9.38,97,1,5,0,99.0
5.38,58,0,1,3,7.23
9.59,86,1,4,0,97.36
6.47,71,1,2,1,62.94
5.73,64,0,2,3,16.26
5.02,59,0,2,2,21.27
9.9,88,1,4,0,94.05
8.53,84,1,5,0,97.06
6.21,62,0,0,3,7.34
5.82,47,0,0,2,11.47
7.4,66,0,2,2,30.7
8.04,84,0,3,0,64.34
8.69,90,1,4,0,94.41
8.8,93,0,2,0,69.7
7.1,76,0,1,2,29.65
5.52,59,0,1,1,34.02
5.88,51,0,1,1,29.88
7.31,72,0,1,1,38.19
9.69,98,1,4,0,96.31
6.52,65,0,2,3,23.32
5.68,46,0,0,2,14.68
6.01,70,0,0,0,45.03
6.92,63,0,0,2,26.12
6.92,54,0,0,0,42.42
7.05,69,1,4,0,79.38
5.58,42,0,0,1,19.13
7.58,67,1,3,2,60.63
8.98,85,0,2,0,63.93
5.04,54,1,3,1,55.84
9.16,89,1,4,0,94.76
9.76,90,0,3,0,74.16
9.14,87,0,3,0,70.09
8.31,85,0,3,1,54.59
9.63,87,1,5,0,99.0
5.24,57,0,0,3,2.44
9.49,86,1,4,0,97.02
5.48,65,0,0,2,16.68
5.54,45,0,2,3,7.89
9.61,85,0,3,0,68.13
5.56,63,0,1,2,21.36
9.68,92,1,5,0,99.0
7.59,65,0,3,0,58.06
5.02,60,0,0,2,12.57
9.25,95,0,3,0,71.88
9.07,97,1,5,0,99.0
5.02,56,0,1,1,30.37
7.9,77,1,4,1,73.75
5.49,53,0,1,1,26.12
6.76,61,0,1,3,18.96
5.38,41,0,2,2,20.13
8.09,77,0,2,0,58.41
9.62,88,1,4,0,97.07
9.16,87,1,4,0,94.16
7.31,77,1,4,1,71.69
5.63,65,0,1,3,13.2
5.24,49,0,2,1,31.04
5.47,54,0,1,2,20.34
9.9,85,1,5,0,98.15
7.06,78,0,1,2,30.11
6.52,74,0,0,3,14.02
5.56,49,0,0,3,2.16
6.64,57,0,1,1,33.34
5.4,45,0,2,1,27.4
7.36,73,1,3,1,69.66
8.91,86,1,5,0,96.98
7.31,67,1,2,1,65.69
9.28,91,1,4,0,95.78
8.97,94,0,4,1,66.59
5.53,58,0,2,2,23.75
7.9,83,0,1,0,54.55
7.79,77,1,3,2,60.37
6.88,52,0,2,3,15.68
7.52,85,1,2,1,67.82
8.1,90,0,2,0,61.35
7.98,84,1,3,0,85.13
9.88,98,1,5,0,99.0
7.62,74,0,2,1,43.87
6.07,50,0,0,1,26.25
9.17,95,1,4,0,99.0
6.92,66,0,0,1,35.02
9.76,90,0,3,0,71.16
7.37,65,0,2,0,52.3
7.23,71,1,3,1,70.61
6.9,73,0,1,1,40.05
9.8,97,1,4,0,99.0
7.0,77,1,4,0,85.6
5.96,43,0,2,3,11.76
6.1,57,0,1,0,40.45
7.31,74,0,2,2,35.78
5.31,52,0,1,2,17.19
5.5,48,0,0,3,5.65
9.48,100,1,5,0,99.0
6.05,54,1,2,1,54.38
7.16,67,0,1,2,26.16
7.73,72,0,3,2,41.66
7.41,72,1,4,1,76.53
6.87,67,0,2,2,31.15
7.81,85,1,4,1,75.83
9.45,95,1,5,0,99.0
9.44,94,0,4,0,75.24
6.86,70,0,2,2,33.01
7.77,73,1,4,1,78.09
8.09,91,0,4,0,71.61
6.15,58,0,2,0,48.92
5.02,44,1,1,1,46.77
8.52,91,0,3,1,62.12
5.33,46,0,1,2,19.45
8.79,94,0,4,1,61.97
8.54,95,1,5,1,91.39
5.53,47,1,1,3,28.45
6.82,63,0,0,2,23.77
5.77,44,0,1,2,17.39
8.38,83,1,4,1,78.23
8.04,77,1,3,1,75.24
7.59,69,0,3,0,61.27
9.61,99,1,5,0,99.0
7.99,66,1,4,0,82.77
5.54,63,0,2,2,26.29
7.81,81,1,4,0,85.63
7.64,82,1,3,0,86.34
8.01,94,0,4,0,73.23
5.43,56,0,0,2,16.8
7.44,76,0,2,2,33.84
5.06,40,0,1,3,0.71
5.67,56,0,2,3,14.64
5.8,45,0,2,2,20.8
9.07,99,1,5,0,99.0
9.21,87,1,4,0,92.34
5.39,61,0,2,2,23.16
7.64,81,1,3,1,73.04
8.43,76,0,2,0,58.3
5.79,54,0,0,2,17.47
7.26,83,0,1,0,57.31
7.88,69,0,3,1,51.28
7.93,66,0,2,0,56.55
7.79,85,0,1,1,43.77
5.38,60,0,1,3,7.83
9.8,89,1,4,0,95.0
5.51,43,0,2,3,12.18
8.83,84,1,3,1,75.11
7.37,79,1,4,1,78.5
5.06,54,0,0,2,14.91
6.29,68,1,1,1,57.42
9.59,85,1,5,0,99.0
6.64,70,0,1,3,17.24
5.04,59,0,2,2,24.34
5.31,47,0,1,2,15.68
5.86,50,0,1,1,27.51
8.11,89,0,3,0,64.08
9.94,99,1,5,0,99.0
5.12,51,1,1,3,28.22
8.39,83,1,5,0,97.27
5.84,60,0,2,2,27.44
5.72,40,0,0,2,12.02
9.43,97,1,5,0,99.0
8.31,85,1,3,0,83.59
9.44,86,1,4,0,96.84
6.43,52,0,1,2,24.11
7.74,67,1,4,0,84.19
6.34,64,0,2,3,17.39
7.99,70,0,3,1,53.97
7.71,80,0,3,1,54.98
8.69,86,1,4,1,82.22
5.46,65,0,1,3,14.61
7.46,85,1,2,2,62.61
5.73,43,1,3,1,54.96
5.19,49,0,0,2,15.86
5.89,52,0,1,3,9.22
7.62,75,0,2,0,56.17
5.62,44,0,2,3,7.87
5.63,49,0,0,2,12.41
9.24,91,1,4,0,98.64
6.7,54,0,1,1,34.65
6.7,61,1,1,3,36.75
8.51,86,1,5,0,94.59
6.89,75,0,2,3,21.61
7.62,82,0,1,1,46.27
6.73,54,0,2,2,27.76
9.53,94,1,4,0,94.55
9.57,92,1,5,0,99.0
7.31,71,0,1,1,37.88
9.51,90,0,4,0,79.28
7.44,65,0,1,1,40.54
8.16,79,1,4,0,91.26
6.5,71,1,2,0,73.05
9.3,91,1,4,0,97.85
8.46,75,1,5,1,80.11
5.45,62,0,1,2,19.68
9.54,90,0,4,0,76.39
5.9,42,0,0,1,25.25
5.68,49,0,1,2,21.58
7.0,85,0,2,0,55.0
5.23,50,0,0,3,4.3
6.36,56,0,0,2,19.06
6.08,68,0,2,1,42.68
5.04,42,1,2,2,40.24
8.44,75,0,3,1,51.04
5.43,43,0,0,3,0.0
7.89,79,0,1,1,44.31
8.66,89,1,4,0,91.01
7.0,79,1,2,1,69.2
6.57,65,0,0,0,42.5
6.19,68,0,2,2,29.06
7.82,65,0,3,0,58.87
9.17,90,1,5,0,96.09
7.99,80,1,4,1,75.97
9.66,94,1,4,0,98.01
9.08,88,1,5,0,99.0
5.29,48,0,2,1,32.91
5.34,63,0,0,3,4.59
5.13,53,0,0,1,20.86
7.31,71,1,3,1,68.88
6.86,59,1,2,3,41.71
9.07,88,1,4,0,97.14
6.23,51,0,2,0,44.11
6.44,61,1,3,3,43.84
6.78,68,0,2,3,24.13
7.99,80,0,3,2,45.97
9.05,97,1,4,0,98.78
7.82,70,0,1,1,42.37
5.52,45,0,1,3,6.82
9.3,97,1,4,0,95.65
6.63,53,0,0,0,36.11
5.88,40,0,1,3,5.58
9.92,95,1,5,0,99.0
7.09,66,0,1,0,47.61
9.71,97,0,3,0,76.08
6.29,67,1,2,0,69.12
6.37,57,1,2,2,46.39
6.98,74,0,2,3,26.63
6.69,66,1,3,0,73.22
8.41,80,0,4,1,57.44
8.06,85,0,2,0,63.71
8.13,82,1,3,0,82.06
9.76,94,1,4,0,99.0
5.2,44,0,1,1,25.4
8.54,86,0,4,1,61.69
9.54,87,1,5,0,97.49
6.67,51,0,1,3,12.65
8.41,89,1,5,1,88.13
5.74,48,0,2,3,11.49
9.44,99,1,5,0,99.0
7.93,78,0,3,1,55.16
9.4,99,0,3,0,72.6
9.45,91,1,5,0,99.0
8.8,92,0,4,1,64.4
7.44,81,1,4,0,83.34
6.39,67,0,2,0,48.47
7.97,66,0,1,1,38.69
6.27,74,0,0,2,22.14
6.44,52,0,0,2,19.14
9.78,88,0,4,0,75.63
8.01,82,1,5,1,84.63
6.81,74,0,1,3,21.03
5.81,40,0,2,1,29.33
9.64,90,1,4,0,98.74
5.26,62,0,0,2,15.01
5.88,63,0,1,3,11.48
9.14,89,1,5,0,96.69
9.46,94,1,4,0,97.31
8.54,94,1,5,0,97.09
9.85,98,0,4,0,80.88
9.53,95,1,4,0,99.0
7.63,82,0,1,0,57.3
9.92,91,1,4,0,95.02
9.51,97,1,5,0,99.0
8.89,76,0,2,0,62.92
5.81,56,0,2,1,33.13
5.19,63,0,2,3,18.06
7.69,71,0,1,2,30.21
8.68,81,1,4,1,81.68
6.01,58,1,2,0,65.44
5.6,40,0,1,1,26.6
9.09,99,1,4,0,99.0
7.97,73,1,3,0,84.79
8.88,75,1,4,1,80.58
7.93,80,1,2,2,58.75
7.99,70,1,3,2,59.97
7.72,74,0,3,1,54.22
6.58,72,0,0,1,37.63
9.36,88,1,5,0,99.0
9.7,87,1,4,0,98.05
8.59,77,1,3,1,77.16
6.47,69,0,1,3,19.34
5.43,48,0,1,1,25.41
5.99,43,0,0,1,26.87
5.82,57,0,2,2,28.47
6.86,59,0,2,1,41.71
9.85,88,1,4,0,96.88
7.57,73,0,2,2,35.39
5.37,52,0,2,3,12.4
7.7,70,1,3,1,68.95
8.52,83,1,4,1,79.72
9.04,91,1,5,0,98.94
7.27,76,0,2,1,43.25
5.55,47,0,2,2,18.52
8.23,85,1,4,1,81.31
7.46,82,0,2,0,58.71
9.54,88,1,4,0,95.79
9.0,94,1,5,0,98.7
9.75,99,1,5,0,99.0
9.95,90,1,4,0,97.82
7.71,82,0,2,1,52.58
8.53,93,1,5,0,98.75
7.97,81,0,2,2,41.19
9.47,100,0,4,0,80.15
7.83,68,0,1,1,39.81
6.18,52,0,1,2,22.23
9.42,85,0,3,0,69.47
6.46,72,1,3,2,53.21
5.04,64,0,1,1,32.84
8.43,95,1,5,0,96.0
7.57,84,1,4,2,69.69
9.37,94,1,5,0,99.0
5.95,48,0,0,2,14.22
9.01,90,1,4,0,96.53
6.58,59,0,2,0,50.73
6.03,55,0,0,0,35.61
5.69,59,0,0,2,14.62
6.92,50,0,2,3,17.22
8.37,91,1,4,0,89.59
9.43,89,1,5,0,99.0
5.42,57,0,2,2,21.07
8.71,87,1,4,0,90.59
8.55,76,1,5,0,95.73
8.13,93,1,4,0,89.36
8.47,83,0,2,0,63.55
5.49,55,0,1,2,20.72
8.63,78,0,3,0,68.61
9.13,93,0,4,0,74.86
8.54,84,1,3,0,87.09
8.47,88,1,5,1,85.05
5.22,41,0,2,3,6.57
6.61,60,1,1,0,67.14
5.53,41,0,1,1,22.66
6.45,70,0,0,1,30.58
8.08,88,0,4,0,67.68
9.34,86,1,5,0,97.49
5.07,45,0,1,1,23.25
8.85,89,1,4,1,80.67
5.66,44,0,0,3,6.01
6.87,52,0,2,1,37.65
5.59,62,0,0,3,5.16
5.22,52,0,0,2,13.87
9.17,88,0,3,0,69.5
7.34,83,0,2,0,55.59
6.24,59,0,1,3,13.54
6.14,68,0,1,2,25.89
7.81,72,0,3,2,39.93
7.56,85,0,3,0,66.96
9.17,95,1,5,0,99.0
7.35,66,1,2,2,53.53
7.72,73,1,2,1,63.92
7.1,67,1,2,0,70.95
5.26,59,0,1,1,33.11
8.59,80,1,5,0,97.06
6.03,61,0,2,1,35.41
5.05,49,0,0,2,15.38
8.54,75,1,4,1,77.39
5.08,61,0,2,3,11.08
8.4,88,0,3,0,66.8
7.79,81,0,1,2,38.56
8.89,91,1,3,0,93.42
9.2,97,1,5,0,99.0
5.78,63,0,0,3,7.13
9.71,91,1,4,0,97.28
6.82,68,0,2,0,52.27
8.9,89,0,2,1,54.85
9.56,97,1,4,0,95.56
9.3,85,1,5,0,99.0
5.69,51,0,1,1,30.22
9.28,87,1,4,0,92.58
7.84,83,1,3,2,66.34
6.39,50,0,0,2,17.37
8.93,91,1,3,1,77.56
9.71,98,1,5,0,99.0
6.86,70,1,3,2,59.01
5.35,43,1,3,2,42.62
7.74,83,0,2,1,50.99
9.0,94,0,4,0,78.7
5.94,50,0,2,3,15.79
7.42,82,1,4,2,64.57
9.96,89,1,5,0,99.0
5.34,41,0,2,2,20.99
6.75,52,0,0,3,8.23
7.51,82,0,2,0,58.88
5.72,55,0,1,1,28.52
7.55,78,0,3,1,54.83
6.92,66,0,2,3,21.02
7.8,85,1,2,1,67.8
6.96,58,0,1,2,27.76
8.74,95,1,3,1,79.09
6.62,59,1,1,0,63.87
6.27,50,0,2,2,22.95
9.47,93,0,4,0,79.05
9.28,90,1,4,0,94.48
6.25,54,0,0,2,18.08
7.26,68,0,3,1,50.81
6.27,51,0,0,0,40.25
5.2,63,0,0,3,5.1
8.08,82,1,3,1,73.88
9.82,100,1,5,0,99.0
6.5,55,0,2,0,49.25
5.99,54,0,1,3,10.17
8.36,87,1,5,0,97.36
5.29,65,0,2,3,18.02
6.08,73,0,1,3,18.18
6.79,72,0,1,2,32.36
5.23,49,0,1,3,4.0
5.35,45,1,3,1,56.22
6.54,71,0,0,0,43.19
6.24,60,1,3,1,62.84
5.86,61,0,2,3,14.81
5.82,61,0,0,2,19.67
6.91,72,0,2,3,23.78
8.65,88,1,4,0,95.67
6.7,58,1,3,0,74.85
8.55,88,1,5,1,85.33
8.7,94,0,4,1,67.65
6.74,73,0,1,2,28.49
8.97,77,1,5,0,97.5
8.05,84,1,5,1,81.38
5.88,63,0,1,1,36.48
6.77,73,0,1,2,31.59
7.57,85,0,3,0,61.0
8.57,78,0,3,1,57.4
9.41,89,1,5,0,98.64
9.69,93,1,5,0,99.0
7.12,81,0,1,0,50.22
6.76,70,0,0,0,45.66
9.04,100,1,5,0,98.64
8.86,85,0,3,0,70.51
9.39,86,1,4,0,97.67
5.99,61,1,2,3,38.27
6.97,63,0,0,3,15.3
5.67,56,0,2,2,23.64
8.57,76,1,4,1,78.8
6.23,69,0,1,2,24.5
7.45,84,0,2,0,57.27
7.69,83,1,4,2,65.81
7.8,83,1,3,2,64.2
10.0,97,1,4,0,99.0
5.32,58,0,2,2,26.02
6.71,55,0,0,2,21.98
7.22,70,1,2,2,54.27
8.67,79,1,3,1,78.05
9.48,87,0,4,0,75.28
7.59,79,0,2,2,39.27
8.43,89,1,3,0,88.2
7.65,74,1,2,0,73.97
6.1,67,1,1,1,53.45
9.88,85,1,5,0,99.0
6.02,69,0,0,0,42.77
5.38,49,0,1,3,7.53
9.36,98,1,5,0,99.0
5.04,60,0,2,2,24.64
6.51,62,0,1,1,32.39
8.2,91,1,4,1,82.0
9.46,93,0,3,0,74.01
8.04,82,0,3,0,63.74
7.77,66,0,1,1,40.99
7.19,76,0,1,0,51.97
8.05,85,0,4,0,72.67
6.33,68,1,3,3,45.56
6.94,51,0,0,1,28.59
8.24,92,0,3,0,69.44
6.61,73,0,0,0,45.03
7.63,78,1,2,1,66.11
9.15,87,0,4,0,76.12
5.26,50,0,0,1,20.41
8.37,79,1,3,1,76.0
6.74,51,0,0,0,37.89
9.71,91,0,4,0,78.28
8.84,79,0,3,0,67.64
7.19,85,0,2,0,55.67
6.57,63,0,1,2,26.89
9.64,90,1,5,0,99.0
6.98,72,0,2,3,25.03
6.04,69,1,1,3,36.84
8.63,86,0,3,0,70.0
6.36,75,0,0,2,27.76
7.94,76,0,2,2,38.59
8.43,83,0,4,1,59.41
6.53,63,0,0,0,43.75
8.61,89,1,4,1,81.83
8.56,86,1,3,0,88.76
5.61,45,0,1,1,30.14
5.58,59,0,2,3,13.23
7.47,75,0,1,0,50.64
6.94,70,1,3,2,60.29
5.05,54,0,0,3,3.88
8.89,87,1,4,1,81.22
9.36,99,1,5,0,99.0
9.35,91,1,4,0,95.03
9.03,96,0,4,0,79.41
9.22,96,0,4,0,79.07
9.67,91,1,5,0,99.0
8.21,88,0,4,0,73.14
9.71,91,1,5,0,98.28
7.99,85,1,2,0,79.47
5.0,52,0,1,1,26.1
9.91,86,1,4,0,99.0
9.58,98,1,4,0,98.93
9.26,87,1,5,0,96.51
8.09,78,0,4,0,69.72
8.4,83,0,4,1,58.3
7.33,82,0,2,1,49.25
9.04,95,1,5,0,98.14
8.79,91,1,4,1,84.06
10.0,92,1,4,0,98.6
8.3,83,0,2,0,63.95
8.64,90,0,3,0,72.24
6.33,64,0,1,1,34.36
6.52,70,0,1,2,29.82
8.3,86,1,5,1,85.85
9.86,100,1,5,0,99.0
5.3,41,0,1,3,1.85
5.93,47,0,2,3,10.85
9.53,87,1,4,0,94.45
7.29,76,1,4,2,67.31
8.15,91,0,4,0,68.83
7.79,67,1,4,1,70.37
7.38,79,0,1,1,46.53
8.86,81,1,4,0,93.31
7.92,71,0,2,1,47.02
8.11,87,0,2,0,60.48
7.1,79,1,4,2,67.55
7.97,76,0,2,2,41.69
5.17,48,0,2,2,19.49
5.38,40,0,2,1,27.83
9.85,94,1,5,0,99.0
8.83,95,1,5,0,98.41
8.54,92,1,3,0,87.49
9.51,88,1,4,0,93.69
8.85,95,1,4,0,98.47
5.23,54,0,0,1,22.51
8.67,94,1,4,0,97.55
7.15,85,1,4,1,78.53
9.0,94,1,4,0,95.7
9.68,99,1,4,0,97.58
9.0,94,1,5,0,99.0
6.66,66,1,2,1,60.11
9.06,99,0,4,0,77.41
6.69,52,0,1,1,32.02
6.23,73,0,0,1,33.7
6.05,57,0,1,1,31.27
9.81,86,1,4,0,96.14
7.92,73,0,2,0,58.62
6.46,56,1,2,0,66.41
5.5,47,0,0,3,6.35
7.19,73,0,2,2,36.06
9.29,95,1,4,0,95.02
5.19,65,0,1,1,29.66
9.67,88,1,4,0,98.25
8.38,75,1,3,1,73.83
8.31,93,1,5,1,89.98
9.95,100,1,5,0,99.0
8.45,91,0,2,0,64.88
5.9,59,0,1,1,32.35
9.52,98,0,4,0,76.72
5.29,44,0,1,1,27.72
6.64,66,0,0,0,45.04
6.33,70,0,0,3,15.16
8.0,82,1,4,0,89.6
6.92,54,1,3,3,42.42
6.93,71,0,2,0,53.55
6.2,63,0,0,1,29.6
8.13,83,1,4,1,81.36
9.48,86,1,5,0,99.0
8.83,86,1,4,0,93.7
8.84,83,0,3,0,67.84
8.88,95,1,3,0,93.58
6.88,50,0,1,3,13.08
8.26,95,0,2,1,53.41
9.94,87,1,5,0,99.0
8.06,88,1,4,1,80.61
8.73,91,0,2,0,63.86
8.45,90,0,3,0,67.58
5.97,41,0,0,2,16.2
5.5,55,0,2,1,33.75
9.97,95,1,4,0,96.4
5.71,65,0,2,3,19.48
5.9,50,0,0,1,22.65
7.29,71,0,3,1,48.81
5.49,53,0,2,1,33.12
6.89,73,0,2,1,46.02
5.74,65,0,0,1,27.59
6.02,68,0,1,0,43.47
5.19,44,1,3,1,54.36
6.15,61,0,0,2,17.83
7.76,66,0,2,2,37.96
6.28,68,0,0,0,42.38
6.45,51,0,2,2,23.88
5.54,58,0,0,3,9.79
6.16,69,0,0,0,41.26
6.94,61,0,0,2,23.59
6.43,57,1,3,1,61.6
6.65,52,0,2,2,26.88
7.98,82,1,4,2,70.53
7.2,85,0,3,0,60.7
8.11,91,0,4,0,70.69
9.25,95,1,5,0,99.0
6.45,52,1,1,3,33.17
6.5,73,0,2,3,22.65
6.05,53,1,2,3,32.08
5.54,49,0,0,3,5.09
7.69,75,1,4,0,87.41
8.07,79,0,4,0,64.95
8.61,93,0,2,0,65.03
9.44,90,0,3,0,72.04
5.76,41,0,2,2,20.46
9.19,92,1,5,0,99.0
7.84,68,0,2,2,32.84
9.09,90,0,3,0,72.81
5.78,57,1,1,3,33.33
8.85,89,1,3,1,77.67
8.15,85,1,5,0,97.03
7.01,65,1,4,1,67.03
7.23,66,1,2,0,72.11
9.73,98,1,5,0,99.0
7.04,68,0,3,0,59.04
9.96,92,1,5,0,99.0
6.43,59,0,1,1,33.2
8.32,78,0,2,1,50.52
7.96,72,1,4,2,67.46
6.85,50,0,2,0,43.97
5.94,41,0,2,2,21.09
5.82,43,0,1,1,27.27
5.77,60,0,2,2,27.2
6.7,70,1,2,2,55.45
6.66,70,0,2,1,43.31
7.24,81,0,1,2,33.64
9.68,97,1,4,0,95.98
8.84,82,1,4,0,92.54
9.91,92,0,4,0,78.28
8.21,89,0,4,1,59.44
6.91,72,0,2,3,26.78
5.2,51,0,2,1,34.5
8.95,75,0,2,1,53.82
5.84,52,1,1,2,37.04
9.34,96,1,5,0,99.0
5.91,65,0,2,3,17.19
6.21,62,0,2,3,15.34
7.11,79,1,4,0,85.59
5.68,51,1,2,1,50.18
7.19,71,0,2,1,47.47
9.48,86,1,4,0,94.98
9.07,87,1,4,0,90.84
5.82,47,0,0,2,13.47
6.48,52,0,0,2,15.28
6.34,73,0,0,2,26.09
6.99,72,0,1,2,29.06
7.79,81,1,2,1,66.56
8.31,82,1,3,0,82.69
6.86,72,1,1,3,37.61
5.99,61,0,0,2,20.27
5.71,48,0,1,2,19.38
5.34,41,1,3,3,30.99
5.82,64,0,0,3,12.57
5.23,44,0,2,2,19.5
6.31,74,0,2,0,52.28
6.01,68,0,2,1,40.44
7.0,70,0,3,0,55.5
7.94,66,1,2,1,64.59
8.07,94,1,3,1,81.44
9.79,86,1,4,0,98.06
6.31,71,0,0,2,24.38
5.4,63,0,2,3,18.8
9.61,96,0,3,0,72.44
9.11,86,1,4,0,92.69
6.23,66,0,0,1,28.61
9.39,93,1,5,0,99.0
6.68,55,0,1,0,46.88
8.24,80,0,3,0,64.84
6.24,51,0,1,2,19.14
6.69,60,0,2,2,30.42
8.95,86,1,4,1,81.12
6.84,51,0,2,3,20.24
5.97,45,0,2,3,14.39
8.6,85,1,5,0,92.6
6.47,62,0,1,2,28.25
6.78,51,0,1,3,15.03
8.12,93,0,2,0,67.32
8.77,77,1,4,0,89.8
5.43,64,0,1,2,24.2
6.21,69,0,2,2,28.44
9.33,93,1,5,0,99.0
6.29,72,0,2,2,30.61
7.57,66,0,3,1,48.3
6.58,60,1,3,3,41.03
8.84,88,1,5,0,97.34
9.57,89,1,4,0,97.2
8.37,92,1,3,0,87.89
5.62,56,0,0,3,9.47
9.14,85,1,5,0,99.0
8.51,75,0,2,1,52.28
7.74,75,1,2,1,67.59
7.66,65,0,1,1,38.31
5.57,50,0,1,1,29.5
8.14,91,1,3,0,84.79
7.51,82,0,1,0,54.88
7.98,81,0,2,1,52.23
7.28,66,0,1,2,31.28
5.44,61,0,0,2,19.34
9.82,97,1,4,0,96.47
8.7,90,0,3,0,70.45
7.47,76,1,2,1,64.94
8.49,82,0,4,1,57.31
6.29,50,0,0,2,17.02
9.26,99,1,4,0,96.11
6.2,63,0,0,0,43.6
6.09,69,0,2,0,47.02
7.27,76,0,1,2,30.25
5.9,64,0,2,3,19.85
6.2,69,0,1,1,37.4
8.22,78,1,5,0,94.17
6.55,52,0,2,0,43.53
8.93,91,0,3,0,72.56
5.95,48,0,2,3,16.22
6.02,69,0,0,2,23.77
8.96,87,0,2,1,56.46
5.08,61,0,0,2,19.08
9.87,90,1,5,0,99.0
6.53,66,0,1,1,36.66
7.95,65,0,2,0,57.33
9.53,92,1,4,0,93.95
7.37,85,0,2,2,41.3
5.49,48,0,0,2,15.61
6.02,55,0,0,3,6.57
7.16,71,0,2,0,53.36
5.57,51,1,1,2,40.8
9.01,97,1,5,0,99.0
8.63,88,1,3,0,86.61
8.1,86,1,5,1,83.15
5.71,61,0,1,2,25.28
7.45,83,1,4,0,89.97
9.44,87,1,4,0,93.14
5.65,50,0,1,3,10.78
6.32,54,1,1,3,29.32
6.53,64,1,3,0,73.06
7.54,84,1,4,1,74.59
7.12,76,0,1,0,52.72
8.65,95,0,3,1,63.78
6.38,74,0,1,2,29.53
6.61,55,0,1,1,33.64
7.36,72,1,2,1,68.36
5.6,42,0,1,2,18.2
5.2,58,0,2,3,13.6
6.52,72,0,2,0,52.42
6.36,56,0,2,2,29.06
6.86,65,1,1,3,37.51
5.52,52,0,1,1,26.92
8.27,85,0,4,1,58.44
5.41,42,0,2,3,11.54
5.74,56,0,1,1,30.89
5.26,48,0,0,2,14.81
6.3,64,1,3,1,66.25
7.78,82,1,4,0,89.83
8.65,90,0,2,1,56.28
6.57,60,0,1,3,13.0
6.52,67,0,1,1,37.92
7.99,74,1,4,0,85.16
8.86,77,1,5,0,96.11
6.19,65,1,2,0,71.16
7.21,81,0,2,1,46.53
7.38,70,0,1,0,47.83
6.43,64,0,1,1,32.7
8.35,75,0,4,0,64.72
6.46,74,0,2,2,32.81
9.61,87,1,4,0,93.73
9.14,94,1,4,0,98.19
5.98,62,0,0,3,7.53
9.89,89,0,4,0,77.31
9.26,89,1,4,0,92.11
6.82,59,0,1,1,34.57
7.87,85,1,4,0,92.05
5.92,53,0,0,3,9.62
6.88,68,0,2,2,34.48
6.84,54,0,0,1,29.14
8.15,83,1,4,1,79.42
7.04,76,0,3,2,42.44
6.71,61,0,1,1,35.79
7.82,75,1,4,0,82.87
8.21,77,0,3,0,66.84
7.46,77,1,4,1,76.21
9.48,89,1,5,0,99.0
7.12,67,0,2,1,46.02
9.44,95,1,5,0,99.0
9.12,95,1,4,0,96.42
5.85,46,0,1,3,9.27
7.79,68,1,4,1,70.67
8.02,95,0,4,1,65.57
8.35,88,1,4,0,92.62
6.1,56,0,2,3,14.15
9.25,94,1,4,0,98.58
7.31,85,0,1,1,44.09
6.88,53,1,3,1,62.98
6.01,60,1,2,2,50.03
7.17,77,0,2,1,43.2
9.91,93,1,4,0,97.59
6.97,66,1,1,0,68.19
7.0,75,0,1,2,31.0
5.74,57,0,0,1,30.19
9.25,97,1,5,0,98.47
9.67,97,0,3,0,75.94
6.16,68,0,2,1,37.96
7.76,75,0,3,2,44.66
7.23,83,0,1,2,36.2
5.41,50,1,2,1,49.94
5.75,51,0,2,2,24.42
8.98,95,0,2,0,64.93
6.66,62,0,2,1,37.91
7.09,76,0,2,2,33.61
8.3,83,1,4,0,91.95
7.24,82,1,2,2,59.94
7.24,74,0,1,1,41.54
5.47,59,0,0,1,28.84
6.56,66,1,2,3,41.76
9.24,94,1,5,0,99.0
7.18,74,1,2,1,62.33
8.58,95,0,4,1,61.53
8.95,95,0,3,0,72.82
8.29,80,1,3,0,82.02
6.39,70,0,1,0,46.37
9.77,96,1,4,0,97.0
9.15,95,0,4,0,79.53
9.69,98,1,5,0,99.0
5.91,40,1,2,3,29.69
7.5,76,1,3,1,70.05
7.31,75,1,3,1,71.09
7.85,76,1,4,2,68.28
9.14,88,1,4,0,95.39
8.51,77,1,4,1,81.89
7.99,72,1,2,0,78.56
7.88,74,0,1,2,34.78
5.02,44,0,0,3,0.77
8.59,91,0,3,1,56.36
6.61,52,0,0,1,29.73
7.38,68,0,3,0,56.23
6.05,65,0,2,3,19.67
5.41,50,0,2,3,14.94
9.14,89,1,4,0,97.69
7.44,71,0,3,1,51.34
7.08,78,1,2,2,58.18
6.97,66,0,1,1,35.2
6.04,57,1,2,0,65.24
9.71,99,0,4,0,77.69
8.66,76,0,3,1,52.11
7.42,70,0,2,1,45.97
9.13,92,1,4,0,96.56
7.06,70,0,1,0,50.71
7.49,69,0,3,1,45.91
8.19,83,0,2,0,60.56
7.78,79,1,4,0,85.93
8.69,89,0,3,0,67.11
9.93,95,1,4,0,96.25
8.09,86,1,5,1,83.11
8.4,93,0,4,0,71.3
9.03,93,1,4,0,95.5
7.51,73,1,3,0,83.19
7.94,73,1,4,0,86.69
5.07,43,0,2,1,26.65
9.05,87,1,4,0,93.78
9.82,93,1,5,0,99.0
9.4,89,1,4,0,92.6
8.69,84,1,5,0,92.61
9.65,96,1,5,0,99.0
6.54,67,0,2,2,30.99
6.28,69,0,0,3,12.68
6.54,58,0,1,3,14.29
5.81,64,0,0,2,16.53
6.06,70,0,1,0,47.21
7.77,68,0,2,0,55.59
5.29,42,0,0,2,9.12
8.27,93,1,4,0,89.84
9.89,99,1,5,0,99.0
7.78,70,0,3,0,61.23
9.63,98,1,4,0,99.0
9.16,87,0,3,0,68.16
8.56,93,1,3,0,91.86
6.37,61,0,0,3,10.59
9.08,98,1,5,0,98.18
8.59,79,1,4,1,80.77
6.97,54,0,2,0,46.59
6.93,54,0,0,2,23.45
6.2,50,1,3,3,40.7
5.26,40,0,2,3,6.41
5.63,52,0,0,1,25.3
8.53,92,0,3,1,60.45
9.98,94,1,5,0,99.0
6.05,66,0,1,2,23.98
9.73,91,1,4,0,95.36
5.15,51,0,2,2,23.33
6.99,68,0,1,1,38.87
9.76,86,1,5,0,99.0
6.81,58,0,0,2,23.23
7.99,78,1,4,2,70.37
9.82,95,1,4,0,98.87
8.06,93,1,4,1,81.11
9.48,94,1,4,0,96.38
9.43,98,1,5,0,99.0
9.78,86,1,4,0,94.03
9.01,96,1,5,0,99.0
7.77,73,0,1,0,51.09
5.74,48,0,1,2,17.49
7.84,75,0,3,0,60.94
9.09,89,1,4,0,92.52
5.82,49,0,2,3,11.07
8.24,95,0,2,1,55.34
9.18,85,1,5,0,97.63
5.37,44,0,1,1,23.0
9.82,98,1,5,0,99.0
7.87,83,1,4,0,90.44
8.42,93,1,4,1,80.37
7.06,77,1,4,2,65.81
8.9,84,1,3,1,81.35
9.76,93,1,4,0,96.06
5.37,51,0,1,1,31.09
6.02,62,0,2,3,16.67
7.45,70,1,4,2,64.08
5.59,51,0,1,3,9.86
6.78,68,1,3,1,69.13
8.67,93,0,2,0,65.25
7.14,84,1,2,2,61.19
5.53,43,0,0,1,25.26
9.39,88,0,3,0,73.27
8.14,78,1,3,1,71.89
8.62,93,0,4,0,72.07
8.21,77,1,5,0,94.84
7.42,80,0,1,2,30.97
5.28,51,0,1,3,9.78
7.15,67,1,3,1,67.12
9.09,97,1,4,0,94.91
7.44,73,0,1,2,34.94
9.34,92,1,5,0,99.0
5.3,48,0,2,3,12.95
8.71,80,1,3,1,73.48
7.98,85,0,3,2,47.43
9.9,95,1,5,0,99.0
8.29,76,0,3,0,60.81
5.59,55,0,2,2,21.06
9.71,95,1,5,0,99.0
5.37,52,0,0,2,11.4
7.03,75,1,3,1,69.11
8.71,87,1,5,1,86.59
7.8,77,0,3,0,60.4
7.05,68,0,1,0,50.08
7.13,81,1,2,1,68.25
9.87,92,1,4,0,99.0
5.48,52,0,0,3,6.78
6.58,56,0,1,2,23.83
8.93,81,0,4,0,74.56
8.77,88,0,4,1,62.09
7.02,70,0,2,1,44.57
6.68,64,1,1,3,38.58
9.19,97,1,5,0,99.0
5.36,51,0,2,3,15.06
9.99,85,1,5,0,99.0
9.25,91,0,4,0,75.67
6.24,75,0,0,3,17.34
6.62,64,0,0,0,41.37
9.6,99,0,3,0,74.3
8.03,81,1,3,0,86.41
9.89,89,1,4,0,97.31
7.26,68,0,2,2,34.81
9.64,95,1,5,0,99.0
8.2,80,1,4,1,75.7
5.86,41,0,2,1,30.81
7.83,77,1,2,0,76.5
5.9,40,1,3,3,31.65
6.23,51,1,1,0,62.11
8.08,76,0,4,1,57.08
6.2,55,0,1,1,30.2
6.17,55,0,0,0,41.09
6.42,73,0,1,1,39.37
9.57,97,1,5,0,99.0
9.67,97,1,4,0,99.0
7.48,79,0,1,0,55.88
7.86,65,0,2,2,37.01
9.01,86,1,4,0,92.34
9.29,90,1,5,0,99.0
5.7,62,0,1,1,29.55
5.34,52,0,2,1,32.29
7.46,82,1,3,0,85.71
6.08,69,1,1,3,32.98
5.85,56,0,1,1,28.27
6.46,65,0,0,3,11.11
5.42,41,0,2,3,6.27
9.24,86,1,5,0,99.0
7.72,67,0,2,1,47.12
5.17,64,0,2,3,12.3
5.73,63,0,1,1,34.95
8.45,87,0,2,1,56.67
5.85,55,1,3,2,51.97
5.5,43,0,2,2,22.15
7.62,81,0,1,2,33.97
6.48,70,0,2,1,39.68
8.12,75,1,5,1,83.92
9.39,88,1,5,0,99.0
5.19,41,0,1,2,11.46
5.18,49,1,1,2,39.83
5.59,52,0,2,2,21.16
7.56,79,0,3,0,59.16
7.58,80,0,3,0,62.53
8.18,88,1,4,1,79.03
7.69,74,0,1,2,35.11
5.64,62,0,2,3,13.34
9.8,99,0,4,0,79.0
9.84,95,1,5,0,99.0
6.01,51,1,1,3,33.34
6.78,52,0,2,2,28.33
7.5,85,0,2,1,46.75
9.8,94,1,5,0,99.0
9.12,89,1,5,0,96.62
7.45,79,1,3,2,59.78
8.79,95,1,3,0,89.27
6.67,66,0,0,0,41.15
5.07,62,0,0,1,29.34
8.75,86,1,3,0,88.42
5.43,40,0,0,1,21.0
8.41,94,1,4,0,96.63
5.9,45,0,0,1,24.15
7.99,66,0,2,2,34.77
6.6,56,0,0,1,32.9
8.17,75,1,5,0,90.09
7.04,79,1,2,1,69.34
9.81,93,0,4,0,75.23
5.8,40,0,2,1,27.3
6.62,73,1,1,0,71.07
7.96,73,0,1,2,33.76
8.27,85,0,2,1,52.45
6.47,52,1,3,1,58.25
6.19,67,0,0,0,38.77
9.27,85,1,5,0,96.94
8.25,86,0,3,1,55.67
9.53,94,1,4,0,98.55
7.18,77,1,4,0,87.23
7.37,79,0,2,2,40.5
6.12,74,0,1,1,38.62
5.38,61,0,1,2,20.13
7.95,65,1,3,1,67.33
9.97,87,1,4,0,97.0
7.31,82,1,2,0,78.19
7.73,71,1,3,1,72.35
5.23,54,0,2,3,15.51
8.31,85,1,3,1,78.59
8.77,80,1,5,0,91.69
7.13,83,0,1,1,46.85
6.8,71,1,2,0,75.1
9.42,91,0,3,0,69.27
9.06,91,0,4,0,72.01
5.2,59,1,2,3,35.9
7.67,71,1,4,1,73.14
5.34,60,0,0,1,23.69
7.39,70,0,3,0,60.86
8.87,92,0,2,1,56.64
9.49,85,0,4,0,73.72
8.09,76,1,3,0,85.11
9.95,88,0,4,0,79.22
5.8,41,0,1,3,3.6
9.38,97,0,4,0,80.93
9.06,99,0,4,0,74.41
9.59,86,0,3,0,68.36
6.58,70,0,2,1,44.03
9.91,90,1,5,0,99.0
9.97,95,1,4,0,99.0
6.92,69,0,2,1,45.92
7.39,74,0,2,0,54.06
9.47,89,1,4,0,96.84
9.28,91,1,4,0,96.78
9.35,96,1,4,0,97.53
6.42,74,0,1,1,37.67
7.01,75,0,3,1,51.03
6.6,55,1,3,1,59.6
5.91,61,0,1,1,32.98
9.23,88,1,5,0,96.7
5.35,57,1,2,3,34.82
9.91,91,1,5,0,99.0
6.97,74,0,0,1,33.59
8.89,85,1,3,0,88.62
6.44,70,0,1,1,35.54
5.43,50,0,0,1,22.0
5.74,53,0,2,3,14.99
9.92,85,1,4,0,94.22
7.59,70,0,3,2,41.56
9.68,85,1,4,0,98.38
8.4,89,0,4,0,74.1
8.44,86,1,5,0,94.34
8.65,95,1,3,0,91.78
7.91,70,0,3,1,50.69
6.97,69,0,1,1,38.09
9.5,95,1,5,0,99.0
7.65,83,0,2,0,60.67
8.62,81,1,3,1,73.47
9.57,89,1,4,0,99.0
7.87,78,1,3,0,79.95
6.95,66,0,0,1,31.12
7.09,69,1,4,0,83.52
8.24,91,1,5,0,95.14
9.01,92,1,5,0,99.0
8.69,92,0,4,1,62.02
7.85,73,0,3,1,54.38
6.13,54,1,2,2,48.66
7.88,77,1,4,1,79.68
7.56,65,1,2,1,63.96
6.41,73,1,3,3,46.34
6.53,69,1,1,0,69.56
5.66,43,0,0,2,15.71
9.88,88,0,3,0,71.98
5.88,60,0,1,1,31.58
8.68,77,1,5,0,95.48
8.09,80,0,4,1,55.31
9.93,92,1,5,0,99.0
5.77,46,1,3,3,36.0
9.07,86,0,3,0,69.55
9.26,86,1,4,0,91.21
9.34,98,1,5,0,99.0
8.32,87,1,3,0,88.22
6.49,74,1,3,2,58.91
5.68,45,0,0,2,13.38
5.1,59,0,1,3,9.55
6.99,62,1,1,0,64.06
6.35,52,0,2,0,45.83
7.12,69,0,2,2,30.62
9.71,95,1,4,0,96.48
8.87,82,0,2,1,55.64
9.25,85,0,3,0,66.88
8.91,83,1,5,1,87.09
5.89,42,0,2,2,19.21
9.9,99,1,4,0,99.0
9.29,94,1,5,0,97.72
5.84,64,0,0,2,16.64
7.51,68,1,2,0,71.69
5.55,45,0,2,1,33.92
8.22,90,1,4,1,79.77
7.98,83,0,1,1,46.83
7.52,80,0,2,1,49.32
6.07,67,0,2,0,49.34
6.05,66,1,3,1,60.97
9.68,95,1,4,0,99.0
7.74,76,0,2,2,40.89
5.99,59,0,1,3,13.66
5.06,62,0,1,1,30.31
5.11,64,0,1,3,11.09
5.66,65,0,2,3,19.31
5.09,54,0,0,1,25.02
7.76,70,0,3,2,38.16
5.29,59,0,1,1,28.22
5.19,65,0,0,2,20.66
6.62,52,0,0,0,39.77
8.57,81,1,5,1,82.3
5.42,60,0,0,2,19.97
5.49,40,0,2,3,6.22
5.24,58,0,0,1,28.74
6.89,63,0,2,2,34.02
8.58,80,0,2,1,49.03
9.7,88,1,4,0,97.35
8.23,84,1,5,0,93.0
9.75,89,1,4,0,93.83
5.46,53,1,2,3,32.01
5.84,43,0,1,1,29.34
5.46,52,0,0,1,22.71
6.12,51,0,1,3,10.72
6.42,70,0,1,3,18.47
8.61,89,1,4,1,84.83
9.46,93,1,5,0,99.0
8.22,76,1,3,1,70.57
7.61,82,1,3,0,80.23
5.3,58,0,2,1,33.95
7.36,75,1,3,0,81.26
7.34,80,0,3,1,49.69
7.36,77,0,1,1,45.86
7.38,76,0,3,0,58.63
8.78,81,0,2,0,66.03
5.04,61,0,2,3,15.94
9.79,95,1,5,0,99.0
8.8,76,1,4,0,86.6
8.37,84,1,5,0,91.5
5.87,62,0,0,1,29.14
7.17,69,0,1,1,40.8
9.37,95,1,5,0,99.0
9.52,88,1,5,0,99.0
10.0,99,1,5,0,99.0
8.21,90,1,5,0,95.73
8.46,88,1,5,1,88.01
6.57,58,0,1,3,12.39
6.6,52,0,1,0,41.7
5.15,40,0,2,2,21.03
8.48,84,1,4,0,87.88
8.78,80,0,3,1,59.73
5.23,62,0,2,1,36.91
9.31,92,0,4,0,74.19
9.88,95,1,5,0,99.0
9.8,92,1,5,0,99.0
5.39,62,0,0,1,29.47
7.87,85,1,2,0,79.05
5.21,65,0,0,2,15.73
5.14,62,1,2,2,44.59
5.29,61,1,2,1,53.81
6.24,74,0,0,1,36.04
7.83,75,1,4,0,86.91
9.76,93,1,5,0,99.0
5.51,59,0,1,2,17.98
8.46,86,1,4,1,79.41
8.45,93,0,2,0,66.47
6.32,68,0,1,0,43.52
5.89,62,0,1,1,35.22
9.76,90,1,4,0,96.16
7.26,65,1,2,1,60.91
9.09,96,1,4,0,96.61
9.73,100,1,5,0,99.0
9.66,91,1,5,0,99.0
6.07,67,0,0,2,23.34
5.9,57,0,1,2,19.75
5.25,46,0,0,1,23.17
9.59,90,1,4,0,93.56
8.39,95,1,4,1,86.87
6.35,55,0,1,1,33.73
7.37,75,0,2,1,46.3
8.62,91,0,2,1,55.47
9.98,85,1,5,0,99.0
7.46,81,1,3,0,82.41
5.01,44,0,2,3,7.73
5.06,54,1,3,2,48.91
7.4,79,1,3,2,61.6
5.25,51,0,1,3,7.67
5.2,55,0,1,2,20.7
6.04,53,0,0,0,39.04
5.98,47,0,1,2,17.03
9.09,87,1,4,0,94.92
5.81,64,0,1,1,36.53
6.74,61,0,0,1,32.89
9.87,91,0,3,0,73.84
5.4,58,0,1,2,23.3
6.65,66,0,2,0,49.08
8.76,83,1,3,0,89.56
9.17,91,1,4,0,95.39
7.71,83,0,1,2,35.88
9.01,94,1,5,0,97.73
5.79,63,0,1,1,34.16
9.82,94,1,5,0,99.0
9.05,95,1,4,0,95.17
5.18,57,0,1,2,18.23
5.42,61,0,2,2,28.27
8.99,76,0,4,1,58.27
5.54,49,0,2,1,32.09
6.03,54,0,1,2,22.31
9.41,95,0,3,0,73.44
7.5,84,0,1,0,54.45
8.38,80,1,3,1,73.33
9.73,90,1,4,0,96.06
6.72,61,0,0,2,19.82
6.72,53,1,2,1,60.42
6.89,75,0,2,0,53.61
9.43,98,1,5,0,99.0
6.37,73,0,2,3,23.2
9.04,89,1,5,0,95.34
9.39,86,1,5,0,99.0
5.12,64,0,0,2,18.12
8.13,75,1,5,0,87.95
6.84,69,0,1,2,26.64
9.19,97,1,5,0,98.27
5.5,53,1,3,3,39.15
9.59,90,1,5,0,99.0
7.03,70,0,2,2,32.61
6.03,65,0,0,2,18.61
5.9,48,0,1,3,11.05
7.92,72,1,2,1,67.32
7.99,71,0,1,1,43.27
7.51,73,1,2,0,73.19
5.45,60,0,2,2,28.08
6.33,50,0,0,0,34.16
6.98,54,1,3,2,49.63
9.23,91,1,4,0,93.61
5.05,63,0,0,3,7.58
5.74,55,0,1,3,10.59
8.92,82,0,2,0,62.82
7.76,77,1,3,0,83.26
7.86,79,0,1,1,46.21
6.97,53,0,1,3,16.3
5.15,63,0,1,1,28.92
7.73,67,0,2,0,55.16
6.89,62,0,0,2,21.72
5.12,46,0,1,1,23.72
6.67,56,0,1,0,42.15
6.98,66,0,2,3,19.23
6.41,58,0,1,3,15.84
6.99,64,0,0,1,33.67
9.79,91,1,4,0,98.56
7.14,67,0,2,1,42.09
8.7,78,1,4,0,89.85
9.28,96,1,5,0,99.0
9.92,85,1,4,0,98.22
7.09,80,1,3,2,61.81
7.5,67,1,3,1,67.35
6.85,75,0,2,3,24.47
8.22,78,1,5,0,95.17
5.46,44,0,1,1,26.31
9.1,99,1,4,0,99.0
9.97,89,0,4,0,80.59
6.38,65,0,1,2,25.83
9.63,95,1,5,0,99.0
7.39,75,0,3,2,41.36
8.98,78,0,3,0,66.83
9.97,91,1,5,0,99.0
8.58,92,1,4,1,85.63
6.51,50,0,2,0,47.78
8.94,76,1,5,1,85.09
6.93,53,1,2,0,66.16
8.33,90,1,3,0,86.16
7.97,66,1,4,0,83.69
5.78,40,0,2,2,19.23
9.18,97,1,5,0,98.23
5.99,63,0,0,3,7.86
7.97,71,1,2,0,76.19
6.43,74,1,3,1,64.7
8.51,89,1,5,0,99.0
9.7,91,1,5,0,99.0
8.15,91,1,3,1,76.83
9.77,90,1,5,0,99.0
9.52,86,1,5,0,99.0
5.99,63,0,1,3,14.86
9.55,85,1,5,0,99.0
6.05,71,0,2,2,29.47
5.23,62,0,0,1,28.91
6.51,73,0,0,0,46.69
7.29,79,1,4,2,68.22
8.64,93,0,3,1,58.14
7.5,75,0,1,2,34.75
7.72,66,0,2,2,31.82
6.68,62,0,1,2,25.98
6.88,55,1,2,3,40.58
9.03,85,1,4,0,92.1
8.31,90,1,5,0,99.0
7.93,83,0,2,1,51.66
6.95,66,0,0,3,15.12
8.15,87,1,3,1,74.62
7.62,81,1,3,0,82.97
8.05,95,1,4,0,91.67
9.93,86,0,4,0,74.56
5.31,40,0,0,3,1.58
7.75,74,1,2,2,60.33
8.7,80,0,4,1,58.45
8.31,80,1,4,1,78.09
5.42,44,0,0,3,3.17
7.62,70,0,2,1,45.67
6.32,52,0,1,1,28.72
6.76,69,0,2,1,43.36
9.07,86,1,4,0,90.55
9.43,89,1,5,0,99.0
9.11,87,0,3,0,66.98
6.38,68,1,1,1,59.73
9.19,86,1,5,0,94.97
5.93,56,0,2,2,24.55
5.32,57,0,1,3,8.72
6.63,67,0,0,3,14.31
6.1,64,0,2,2,27.55
9.31,89,1,4,0,98.28
7.62,83,0,2,1,51.57
7.62,68,1,2,2,58.07
5.95,43,1,2,1,50.73
7.95,65,0,2,1,45.33
5.96,45,0,1,2,16.36
5.77,48,0,0,2,15.59
9.33,100,0,3,0,75.66
6.9,60,1,2,3,40.15
5.59,41,0,1,1,27.86
7.36,82,1,2,1,71.36
6.4,53,0,0,3,11.3
7.04,68,1,4,1,69.04
6.7,69,0,0,3,11.15
9.96,95,1,4,0,99.0
9.79,99,1,5,0,99.0
6.88,60,0,1,3,17.08
9.27,92,1,4,0,96.05
7.18,67,0,1,0,47.23
9.38,87,1,4,0,91.93
5.5,50,0,1,1,26.25
8.99,91,1,5,1,91.77
8.61,78,0,4,0,67.53
7.77,76,0,2,1,45.99
9.61,89,1,4,0,94.33
6.73,71,0,0,0,46.85
9.74,94,1,4,0,99.0
5.33,43,0,0,3,1.55
9.05,90,1,5,0,99.0
6.98,57,1,2,0,71.53
9.97,100,1,4,0,99.0
7.87,83,0,3,0,62.44
6.88,58,0,0,3,9.48
8.5,86,1,5,0,94.55
7.59,66,0,3,2,39.37
7.24,78,0,2,1,44.74
7.0,74,1,3,0,78.7
5.24,47,0,2,2,20.44
7.2,85,0,2,1,45.7
8.95,78,0,2,1,52.72
9.35,97,0,4,0,79.83
9.92,99,0,3,0,75.42
7.46,67,1,3,1,67.21
6.1,56,0,1,3,14.15
8.1,75,1,5,0,89.85
7.06,68,0,1,1,39.11
6.13,73,1,3,0,75.35
7.85,74,0,3,1,49.67
8.42,78,0,3,1,57.87
9.95,94,1,5,0,99.0
6.41,62,0,0,2,24.04
6.79,59,0,0,1,28.47
9.82,93,1,5,0,99.0
7.28,69,1,2,0,74.18
7.83,66,0,2,1,43.2
6.92,56,0,1,0,45.02
5.13,47,0,0,2,14.05
5.9,54,0,1,2,21.85
7.98,81,1,3,0,83.23
8.29,81,0,2,1,52.31
5.06,63,0,1,1,33.61
6.9,62,0,0,2,21.75
9.1,100,0,3,0,76.85
5.74,55,0,0,2,16.59
5.54,64,0,0,3,8.59
7.85,82,1,2,0,80.07
7.68,78,0,1,1,41.28
9.77,94,1,5,0,99.0
5.03,60,0,2,2,21.61
7.1,85,0,3,1,51.35
8.22,88,1,4,0,94.17
9.33,100,1,5,0,99.0
8.58,90,1,3,1,82.03
5.25,65,0,2,1,32.88
5.73,56,0,2,3,15.86
5.03,59,0,1,2,16.3
7.23,74,1,4,1,72.5
6.9,71,0,0,0,44.45
5.46,62,0,2,2,25.71
6.15,72,0,2,3,22.12
7.92,65,1,3,0,78.22
7.0,71,1,2,0,74.8
8.03,84,0,3,1,56.3
5.99,43,0,0,2,16.87
9.08,91,1,5,0,97.08
7.5,80,1,3,2,59.25
7.37,65,0,1,0,49.3
8.6,86,1,3,1,78.9
6.98,61,0,0,3,11.73
7.02,79,0,3,2,40.27
8.9,83,1,4,0,94.05
6.76,52,1,3,2,50.26
7.95,65,0,1,0,48.33
6.96,57,0,1,1,33.46
6.19,68,1,2,3,43.06
6.85,52,0,0,3,7.58
8.72,93,1,4,1,85.42
6.17,59,0,1,2,20.3
6.11,67,0,0,1,29.48
8.14,88,0,3,1,54.89
7.77,75,0,1,0,50.69
9.14,97,1,5,0,99.0
7.86,71,0,1,2,33.81
8.23,93,0,4,0,74.71
8.7,75,0,4,1,58.95
9.91,93,1,4,0,98.59
6.73,71,0,0,3,13.85
5.71,52,0,1,3,8.59
8.41,85,0,2,1,55.94
8.08,93,0,4,1,64.18
6.52,56,1,1,0,63.62
9.43,85,0,4,0,71.5
9.71,90,1,5,0,99.0
9.56,90,1,4,0,97.46
9.85,97,1,5,0,99.0
7.63,65,0,2,1,45.2
8.95,87,1,4,0,94.42
9.34,97,1,5,0,99.0
9.66,89,1,4,0,94.51
9.59,90,1,4,0,98.56
5.56,60,0,0,1,27.46
5.54,51,0,1,3,8.69
8.18,94,1,5,1,89.83
6.75,70,0,1,3,16.62
9.4,87,1,5,0,99.0
6.95,65,1,2,3,41.83
7.58,82,0,1,2,37.13
9.69,97,1,5,0,99.0
5.06,40,0,2,2,18.71
6.07,50,0,1,2,21.25
5.74,54,0,0,2,14.29
7.64,85,1,2,0,79.24
5.09,57,0,1,1,30.91
9.05,97,1,5,0,99.0
5.22,57,0,0,3,7.37
7.9,75,0,1,0,53.15
8.32,83,1,3,0,86.02
9.63,85,1,5,0,97.21
5.71,56,0,1,2,21.78
6.64,69,1,2,0,71.94
7.26,79,1,3,1,73.11
7.41,75,1,3,0,81.44
6.49,67,0,0,3,11.81
5.89,52,0,0,2,15.22
7.05,67,0,3,0,55.77
7.77,79,0,2,2,40.89
8.87,75,0,2,0,63.55
9.46,86,1,4,0,92.91
7.27,78,0,1,2,35.84
9.29,95,0,3,0,73.02
9.57,92,1,5,0,99.0
8.94,88,1,4,0,92.69
6.53,55,0,1,2,21.36
6.93,75,0,0,0,48.75
8.29,89,1,3,1,74.72
5.4,52,0,2,1,33.5
8.29,88,0,3,0,65.41
7.13,72,1,4,2,63.55
9.2,98,1,5,0,99.0
7.94,78,1,4,1,77.19
7.35,71,0,3,2,40.02
5.79,49,0,1,1,29.96
9.73,98,1,4,0,99.0
8.91,79,1,4,1,79.89
8.76,85,1,5,0,98.16
7.19,72,1,2,2,54.77
9.52,90,1,4,0,97.32
6.62,62,0,2,1,38.77
9.96,90,1,5,0,99.0
8.7,81,1,4,1,82.75
6.15,61,0,0,1,32.83
7.85,75,0,3,0,59.97
5.12,54,0,2,3,11.12
8.4,86,0,3,1,58.2
9.15,89,1,4,0,96.72
6.12,70,1,3,0,71.42
5.82,40,0,2,2,20.37
8.31,91,1,3,1,76.39
8.08,89,1,4,1,77.98
7.9,68,0,1,0,50.05
9.47,89,1,4,0,93.84
6.68,67,0,1,0,46.48
7.31,68,0,1,1,42.98
6.11,61,0,0,2,21.69
6.38,64,0,0,2,19.53
8.39,81,0,2,0,61.67
6.97,50,0,0,1,26.39
7.93,72,0,1,1,40.35
6.19,53,0,1,2,18.56
6.19,69,0,1,2,25.36
8.01,92,0,2,0,62.63
8.9,93,0,3,0,74.05
7.47,80,0,1,0,56.14
5.85,43,0,0,1,23.38
9.38,88,1,5,0,99.0
5.9,50,0,1,3,10.65
9.21,97,1,4,0,98.33
5.67,51,0,2,2,21.14
9.18,96,1,4,0,97.93
9.31,88,1,5,0,97.98
7.37,81,1,4,0,85.09
8.97,82,1,5,1,87.0
7.13,66,1,3,2,54.75
7.84,84,0,3,0,64.64
7.85,84,0,2,2,39.67
9.26,91,0,3,0,70.71
6.65,62,0,2,3,21.88
5.85,61,1,3,2,50.78
7.96,84,0,1,0,54.06
7.44,79,0,3,0,61.74
7.43,78,0,1,0,54.41
8.27,93,1,3,0,89.84
8.65,79,0,3,0,68.97
7.82,76,1,3,2,62.17
9.58,85,0,3,0,70.03
5.27,48,0,1,3,4.84
7.44,65,0,2,1,41.54
9.35,87,1,5,0,99.0
8.31,80,1,4,0,88.09
9.24,98,1,5,0,99.0
6.33,61,0,0,0,43.45
5.35,55,1,3,2,49.22
7.69,75,0,2,2,35.41
5.62,61,1,2,3,34.97
9.93,92,0,4,0,77.36
8.13,95,1,5,1,87.95
8.99,75,0,4,0,67.97
6.69,68,0,1,2,29.82
8.36,79,1,5,1,82.96
9.26,99,1,4,0,99.0
9.09,89,0,3,0,68.52
8.37,86,0,4,1,63.09
9.87,87,0,3,0,74.64
5.42,62,0,0,1,25.57
6.15,70,0,2,2,29.52
5.26,63,0,1,2,23.31
5.44,65,0,0,2,18.54
8.29,78,0,4,0,71.41
6.82,75,0,1,0,51.37
8.98,93,1,5,0,99.0
9.21,92,0,4,0,75.84
7.71,67,1,2,2,54.09
9.41,86,0,4,0,75.73
9.84,97,1,4,0,96.54
5.69,42,0,0,3,3.52
7.51,67,0,2,2,36.39
7.63,78,1,4,2,69.11
7.3,78,1,3,2,58.95
6.71,52,0,2,1,37.09
5.82,53,1,2,1,51.27
7.52,72,1,3,2,59.92
9.91,90,1,4,0,96.69
7.79,71,0,1,2,32.56
6.17,65,0,0,3,12.09
9.81,95,1,4,0,99.0
7.16,75,1,2,0,75.56
5.41,57,1,2,2,46.03
9.45,96,1,4,0,97.88
5.53,55,1,2,1,50.86
8.6,87,1,5,0,98.2
9.19,94,1,5,0,99.0
6.33,61,0,1,0,44.45
5.36,41,0,2,2,22.06
9.28,92,1,5,0,99.0
7.24,77,1,4,2,64.44
9.69,86,1,4,0,92.72
6.52,59,0,0,1,28.52
8.83,93,1,3,0,93.81
9.81,97,1,5,0,99.0
9.91,93,1,4,0,96.59
6.14,66,0,1,3,12.29
9.07,85,0,4,0,70.25
6.98,57,0,0,2,19.53
7.47,83,0,3,2,40.05
5.29,63,0,2,1,35.41
5.59,51,0,1,3,6.86
9.82,98,0,4,0,79.77
5.56,61,0,2,2,24.76
6.65,67,1,3,0,75.38
8.37,85,1,3,0,87.8
6.93,61,0,0,1,33.55
8.25,84,1,4,0,91.08
5.63,44,0,1,1,29.91
6.06,65,0,0,2,21.71
8.85,81,0,2,1,50.28
9.37,94,1,5,0,98.99
8.89,81,1,5,0,93.42
6.34,71,0,0,1,31.49
8.58,77,0,4,0,67.13
8.59,78,0,3,1,54.47
5.94,62,1,2,2,49.39
8.32,95,1,3,0,89.62
5.81,60,0,0,3,5.33
9.14,92,1,4,0,97.59
7.94,71,1,2,0,74.09
7.79,76,0,2,2,41.06
6.19,55,0,2,1,37.16
5.09,57,0,2,2,24.91
6.22,65,1,2,2,49.27
6.54,61,0,1,2,24.19
9.55,88,1,4,0,98.83
7.0,77,0,2,1,47.6
7.84,65,0,1,1,42.94
7.06,82,1,2,0,75.31
8.7,85,1,5,1,85.95
5.02,41,0,2,1,30.87
9.77,95,1,4,0,98.69
8.86,94,0,2,1,54.21
6.46,63,0,2,3,19.51
5.85,61,0,2,3,16.77
7.9,65,1,3,1,68.15
6.29,56,0,0,0,39.81
7.51,77,0,1,1,44.39
5.05,65,0,1,2,24.17
8.93,80,0,3,1,58.25
9.45,95,1,5,0,99.0
9.13,91,1,5,0,99.0
5.21,57,0,1,3,11.33
6.11,54,0,1,2,24.59
9.68,92,1,5,0,99.0
7.89,83,1,4,1,75.52
8.03,81,1,4,0,88.41
6.21,60,0,2,2,28.73
9.68,92,1,4,0,98.48
8.08,81,1,4,0,87.58
6.62,58,0,0,2,22.57
9.97,85,1,5,0,99.0
7.64,79,1,3,0,79.44
6.91,62,0,1,2,26.79
5.87,54,0,2,1,31.75
8.55,95,1,4,0,95.43
9.35,88,1,5,0,98.12
7.3,69,1,2,1,63.25
7.14,76,0,3,1,50.79
5.87,61,1,2,1,59.84
7.64,83,1,4,2,70.64
6.48,58,0,1,0,46.08
6.07,56,1,3,0,71.05
9.65,95,1,4,0,99.0
7.03,77,0,3,1,48.71
8.81,81,1,5,0,98.14
5.31,53,0,1,3,7.48
7.82,77,0,3,2,39.47
8.12,75,1,3,0,80.92
9.39,87,1,5,0,98.97
8.5,75,1,3,0,82.25
9.8,86,1,4,0,98.1
6.38,54,0,2,0,43.53
8.96,86,0,4,1,63.16
8.12,83,0,4,0,69.32
6.96,59,0,0,1,31.06
7.22,74,0,3,2,39.47
8.17,88,1,5,0,93.0
7.44,78,0,2,2,40.44
9.04,94,0,3,0,70.84
8.83,87,1,3,1,79.0
6.8,70,0,0,3,15.8
6.9,67,1,3,1,68.25
8.73,78,1,3,1,74.95
6.9,64,1,1,2,45.35
8.95,84,1,5,0,99.0
7.42,77,1,2,1,66.07
7.02,73,0,1,2,27.47
5.84,56,0,1,1,32.24
8.4,94,0,2,0,66.6
7.52,78,0,3,1,50.72
5.96,63,0,1,2,25.76
5.91,55,0,0,1,25.19
9.46,88,1,4,0,97.51
8.6,82,0,4,1,61.7
6.97,69,0,1,0,52.09
7.15,69,0,2,0,56.73
7.33,66,0,2,1,45.45
7.13,80,0,2,1,43.95
6.02,59,1,2,0,64.77
9.02,96,1,5,0,99.0
9.26,100,0,3,0,74.41
8.61,93,1,3,0,90.03
7.83,82,0,2,2,39.0
7.55,66,1,2,0,71.22
7.61,74,1,2,0,76.84
7.66,71,0,2,2,39.11
6.55,64,1,2,2,50.12
5.66,43,0,1,3,9.71
9.48,98,1,5,0,99.0
8.47,90,0,2,0,67.65
7.09,77,0,1,0,53.91
8.66,86,1,5,1,88.11
5.92,42,0,2,2,22.32
9.17,90,0,4,0,72.09
5.02,63,0,0,2,17.47
7.54,83,0,3,1,55.29
6.94,62,0,2,3,22.89
8.83,80,0,4,1,63.91
8.42,77,0,4,0,68.57
7.68,68,1,2,1,63.28
7.86,81,1,4,1,74.81
9.98,87,1,4,0,96.03
9.1,94,1,5,0,97.05
7.29,75,0,3,2,41.02
9.36,89,1,5,0,98.46
8.36,81,0,4,1,62.56
8.94,80,1,3,1,79.29
6.91,74,0,0,0,47.39
8.55,94,0,2,1,57.12
6.98,69,0,2,3,26.13
8.98,78,0,4,0,72.83
7.23,76,1,3,0,77.11
6.03,73,1,2,1,64.0
7.13,77,1,2,2,58.06
6.76,66,0,2,1,39.46
5.48,55,0,0,3,3.68
5.87,42,0,2,3,12.14
5.75,43,0,2,2,22.02
5.35,50,0,0,2,13.72
6.35,71,0,1,3,14.52
6.92,58,0,1,2,28.62
9.6,87,1,4,0,97.7
6.06,70,0,2,1,42.21
5.25,43,0,2,3,7.27
7.27,66,0,2,2,32.25
8.35,83,1,3,1,73.12
5.03,43,0,0,1,23.51
7.56,82,0,1,2,36.06
7.09,81,0,1,0,55.11
7.61,75,0,3,2,41.14
7.61,67,0,1,1,43.73
7.96,77,1,4,0,83.96
8.84,90,0,3,1,59.94
8.42,85,1,4,1,82.97
6.02,54,1,3,0,70.27
9.68,87,1,4,0,97.98
9.88,86,0,4,0,77.38
7.11,82,0,1,0,56.48
8.94,86,0,3,0,69.09
9.29,96,1,5,0,99.0
5.43,57,0,1,2,19.1
5.94,44,0,1,1,28.99
9.18,90,0,3,0,74.13
9.04,92,1,4,0,97.24
6.69,66,0,1,1,40.22
9.99,99,0,4,0,82.67
5.65,44,0,2,1,28.98
7.88,76,0,1,1,44.38
9.42,88,1,4,0,95.37
8.69,82,1,4,0,94.02
5.14,47,0,1,2,16.09
5.15,65,0,1,3,14.53
5.03,51,0,2,3,8.91
5.59,47,0,0,2,11.66
9.72,94,1,5,0,99.0
5.1,63,0,2,2,26.75
6.25,75,0,2,0,54.38
8.83,90,1,4,0,92.91
5.48,58,1,2,3,33.58
6.24,70,0,0,1,31.84
8.15,90,1,4,0,93.53
5.91,63,0,2,1,34.58
6.91,65,0,2,3,19.69
5.9,51,0,0,1,26.95
7.83,78,0,2,0,55.81
6.68,57,0,1,0,41.48
7.93,67,1,3,2,59.86
7.67,66,0,2,1,47.64
9.75,96,1,5,0,99.0
5.82,65,0,2,2,25.87
9.44,92,1,5,0,99.0
7.9,68,0,3,1,48.05
5.46,57,0,0,3,6.21
7.6,78,1,4,0,84.0
7.17,69,1,3,2,55.8
5.45,65,0,0,1,26.58
6.1,64,1,1,1,52.55
8.83,76,0,4,0,66.7
5.46,46,0,2,3,10.91
6.26,63,1,2,0,71.81
6.23,53,0,0,3,4.7
5.65,57,0,0,2,17.88
9.74,87,0,4,0,77.19
7.67,84,1,2,1,67.05
5.76,46,0,1,3,10.96
7.65,83,1,2,0,82.67
7.91,77,1,2,2,59.78
7.11,73,0,3,2,37.78
5.38,52,0,0,2,14.43
6.77,58,0,1,2,22.09
5.01,63,0,0,1,27.44
7.95,69,0,1,1,45.53
8.24,75,0,3,1,50.34
5.1,60,0,1,3,12.85
6.46,58,0,0,2,22.01
7.43,68,0,2,0,54.41
6.25,73,0,1,1,37.77
8.51,78,0,4,0,68.19
9.01,90,1,5,0,97.53
9.09,93,1,5,0,98.72
6.72,54,0,0,3,12.72
9.68,98,1,4,0,99.0
8.32,86,0,4,1,62.92
9.33,94,1,4,0,95.86
9.04,92,0,3,0,68.24
5.12,49,0,1,2,16.62
5.5,49,1,3,2,45.95
9.37,91,0,4,0,74.09
5.76,60,0,1,1,35.16
7.33,68,1,3,0,75.06
5.37,43,0,1,1,26.7
5.16,42,0,0,1,21.66
8.93,88,1,4,1,82.66
5.6,41,1,2,2,38.9
7.45,68,1,3,2,58.47
5.87,49,0,2,1,32.24
8.82,87,0,4,0,74.97
6.28,74,0,2,2,35.18
7.49,81,0,2,1,47.52
7.04,65,1,2,2,52.14
8.13,80,0,4,1,59.45
6.66,55,0,2,1,36.81
7.32,69,1,3,0,79.32
6.95,65,1,1,3,34.83
6.76,55,0,1,0,43.16
8.41,83,0,4,1,63.33
7.96,83,0,2,2,41.76
5.02,41,0,1,3,5.87
8.19,85,0,2,1,55.16
5.03,52,0,2,2,24.2
5.71,60,1,1,2,38.98
5.89,63,0,2,3,20.52
9.01,88,1,5,0,98.94
7.25,68,1,3,2,58.78
5.72,56,0,2,3,13.82
5.04,56,1,3,3,38.44
9.78,91,1,4,0,96.53
6.9,57,0,0,3,14.25
8.65,84,0,2,0,62.47
7.14,85,1,3,2,63.49
6.27,75,0,1,2,28.45
9.58,88,1,4,0,96.93
6.69,70,1,1,0,69.42
5.27,64,0,0,1,29.64
9.6,97,0,4,0,80.7
9.0,93,1,4,0,98.4
7.12,69,1,3,2,58.62
5.23,42,0,0,1,18.91
8.25,82,1,3,0,86.47
7.77,67,0,2,1,47.3
7.63,82,0,3,0,60.3
8.91,86,0,3,1,57.98
9.82,92,1,4,0,99.0
8.84,86,1,3,1,78.74
6.0,72,1,1,3,39.6
8.52,86,0,3,0,70.62
7.3,85,0,3,2,40.05
8.41,91,0,4,0,72.73
9.5,86,1,5,0,96.05
9.29,95,1,4,0,96.02
7.56,73,0,1,0,51.36
9.39,87,1,5,0,99.0
9.27,91,1,5,0,99.0
9.22,91,1,5,0,99.0
8.51,86,1,5,1,84.59
7.58,83,1,2,2,60.43
6.11,60,0,2,2,24.38
9.41,85,1,4,0,94.44
9.75,98,1,5,0,99.0
5.8,57,0,1,1,31.4
6.24,68,0,2,0,49.24
6.18,72,0,0,2,24.23
5.21,58,1,1,3,27.63
8.37,87,1,4,1,82.39
